Summary Statistics of GST/HST Credit Recipients and Payments by Federal Electoral Districts and Number of Dependent Children,,,Total of GST/HST Credit Recipients,,No Children,,1 Child,,2 Children,,3 or more Children,,,,,,,,,,,,,
Prov/Terr,FED ID,Federal Electoral Districts,(#),($),(#),($),(#),($),(#),($),(#),($),,,,,,,,,,,,
10,10001,Avalon,24270,9860000 ,22730 ,8695000 ,950 ,696000 ,440 ,345000 ,150 ,123000 ,,,,,,,,,,,,
10,10002,Bonavista--Burin--Trinity,24270,10126000 ,22800 ,9020000 ,860 ,620000 ,410 ,307000 ,200 ,180000 ,,,,,,,,,,,,
10,10003,Coast of Bays--Central--Notre Dame,25510,10704000 ,23710 ,9341000 ,1000 ,717000 ,530 ,405000 ,270 ,240000 ,,,,,,,,,,,,
10,10004,Labrador,5610,2391000 ,5000 ,1896000 ,300 ,214000 ,180 ,150000 ,130 ,131000 ,,,,,,,,,,,,
10,10005,Long Range Mountains,30410,12638000 ,28400 ,11077000 ,1250 ,915000 ,560 ,455000 ,200 ,191000 ,,,,,,,,,,,,
10,10006,St. John's East,23580,9369000 ,22130 ,8224000 ,840 ,601000 ,410 ,335000 ,210 ,209000 ,,,,,,,,,,,,
10,10007,St. John's South--Mount Pearl,26340,10545000 ,24780 ,9312000 ,990 ,742000 ,410 ,339000 ,160 ,152000 ,,,,,,,,,,,,
TOTAL,,,159980,65632000 ,149540 ,57565000 ,6190 ,4505000 ,2940 ,2337000 ,1310 ,1226000 ,,,,,,,,,,,,
11,11001,Cardigan,10900,4470000 ,9930 ,3737000 ,470 ,334000 ,310 ,231000 ,190 ,168000 ,,,,,,,,,,,,
11,11002,Charlottetown,13060,5262000 ,11970 ,4455000 ,610 ,423000 ,320 ,236000 ,170 ,148000 ,,,,,,,,,,,,
11,11003,Egmont,12160,5011000 ,11100 ,4212000 ,540 ,375000 ,300 ,228000 ,230 ,195000 ,,,,,,,,,,,,
11,11004,Malpeque,9430,3793000 ,8610 ,3200000 ,400 ,265000 ,240 ,179000 ,170 ,150000 ,,,,,,,,,,,,
TOTAL,,,45560,18537000 ,41600 ,15604000 ,2020 ,1397000 ,1170 ,874000 ,760 ,662000 ,,,,,,,,,,,,
12,12001,Cape Breton--Canso,25500,10491000 ,23610 ,8977000 ,1030 ,758000 ,540 ,432000 ,330 ,323000 ,,,,,,,,,,,,
12,12002,Central Nova,23970,9735000 ,22110 ,8283000 ,1020 ,739000 ,530 ,422000 ,320 ,292000 ,,,,,,,,,,,,
12,12003,Cumberland--Colchester,28080,11556000 ,25740 ,9742000 ,1210 ,863000 ,710 ,563000 ,420 ,388000 ,,,,,,,,,,,,
12,12004,Dartmouth--Cole Harbour,28390,11312000 ,26250 ,9653000 ,1230 ,893000 ,610 ,487000 ,300 ,279000 ,,,,,,,,,,,,
12,12005,Halifax,31600,12322000 ,29750 ,10873000 ,1010 ,720000 ,500 ,405000 ,320 ,323000 ,,,,,,,,,,,,
12,12006,Halifax West,26060,10527000 ,23580 ,8642000 ,1240 ,856000 ,770 ,586000 ,460 ,443000 ,,,,,,,,,,,,
12,12007,Kings--Hants,26670,10978000 ,24360 ,9194000 ,1230 ,876000 ,670 ,515000 ,420 ,393000 ,,,,,,,,,,,,
12,12008,Sackville--Preston--Chezzetcook,22040,8802000 ,20270 ,7473000 ,990 ,716000 ,510 ,382000 ,270 ,232000 ,,,,,,,,,,,,
12,12009,South Shore--St. Margarets,29390,11954000 ,27250 ,10351000 ,1160 ,819000 ,650 ,479000 ,330 ,304000 ,,,,,,,,,,,,
12,12010,Sydney--Victoria,30170,12664000 ,27510 ,10478000 ,1480 ,1119000 ,740 ,617000 ,430 ,449000 ,,,,,,,,,,,,
12,12011,West Nova,29290,12115000 ,26950 ,10301000 ,1240 ,888000 ,680 ,536000 ,420 ,390000 ,,,,,,,,,,,,
TOTAL,,,301140,122456000 ,277380 ,103968000 ,12840 ,9248000 ,6900 ,5425000 ,4030 ,3816000 ,,,,,,,,,,,,
13,13001,Acadie--Bathurst,31740,12887000 ,29990 ,11574000 ,1070 ,756000 ,490 ,377000 ,200 ,179000 ,,,,,,,,,,,,
13,13002,Beauséjour,25480,10256000 ,23880 ,9078000 ,930 ,651000 ,460 ,334000 ,220 ,193000 ,,,,,,,,,,,,
13,13003,Fredericton,23550,9544000 ,21380 ,7874000 ,1130 ,802000 ,640 ,489000 ,400 ,379000 ,,,,,,,,,,,,
13,13004,Fundy Royal,21870,9017000 ,19860 ,7496000 ,1020 ,728000 ,590 ,446000 ,400 ,348000 ,,,,,,,,,,,,
13,13005,Madawaska--Restigouche,23450,9470000 ,21960 ,8356000 ,870 ,614000 ,420 ,312000 ,210 ,188000 ,,,,,,,,,,,,
13,13006,Miramichi--Grand Lake,22240,9367000 ,20350 ,7888000 ,1030 ,754000 ,550 ,432000 ,310 ,293000 ,,,,,,,,,,,,
13,13007,Moncton--Riverview--Dieppe,31470,12751000 ,28930 ,10836000 ,1410 ,991000 ,750 ,567000 ,390 ,356000 ,,,,,,,,,,,,
13,13008,New Brunswick Southwest,19180,7921000 ,17550 ,6671000 ,870 ,628000 ,460 ,354000 ,300 ,269000 ,,,,,,,,,,,,
13,13009,Saint John--Rothesay,27980,11658000 ,25470 ,9705000 ,1410 ,1016000 ,690 ,549000 ,410 ,388000 ,,,,,,,,,,,,
13,13010,Tobique--Mactaquac,22330,9356000 ,20070 ,7630000 ,1100 ,776000 ,710 ,535000 ,450 ,415000 ,,,,,,,,,,,,
TOTAL,,,249290,102229000 ,229430 ,87108000 ,10830 ,7717000 ,5750 ,4396000 ,3270 ,3009000 ,,,,,,,,,,,,
24,24001,Abitibi--Baie-James--Nunavik--Eeyou,25950,11895000 ,21980 ,8515000 ,1640 ,1190000 ,1110 ,910000 ,1230 ,1280000 ,,,,,,,,,,,,
24,24002,Abitibi--Témiscamingue,31920,12752000 ,29650 ,11106000 ,1210 ,807000 ,640 ,463000 ,430 ,376000 ,,,,,,,,,,,,
24,24003,Ahuntsic-Cartierville,43330,18177000 ,37750 ,13885000 ,2190 ,1457000 ,2100 ,1601000 ,1300 ,1234000 ,,,,,,,,,,,,
24,24004,Alfred-Pellan,30430,11972000 ,27860 ,10089000 ,1140 ,755000 ,870 ,645000 ,560 ,482000 ,,,,,,,,,,,,
24,24005,Argenteuil--La Petite-Nation,32510,13212000 ,29780 ,11237000 ,1400 ,926000 ,840 ,619000 ,490 ,429000 ,,,,,,,,,,,,
24,24006,Avignon--La Mitis--Matane--Matapédia,28140,11446000 ,26210 ,10018000 ,940 ,638000 ,600 ,440000 ,400 ,350000 ,,,,,,,,,,,,
24,24007,Beauce,34850,13809000 ,32150 ,11914000 ,1260 ,814000 ,810 ,551000 ,640 ,531000 ,,,,,,,,,,,,
24,24008,Beauport--Limoilou,38370,14992000 ,36080 ,13325000 ,1230 ,801000 ,670 ,490000 ,410 ,376000 ,,,,,,,,,,,,
24,24009,Bécancour--Nicolet--Saurel,33440,13381000 ,31180 ,11720000 ,1070 ,717000 ,720 ,531000 ,470 ,414000 ,,,,,,,,,,,,
24,24010,Bellechasse--Les Etchemins--Lévis,36420,14033000 ,34330 ,12600000 ,1090 ,693000 ,580 ,395000 ,420 ,345000 ,,,,,,,,,,,,
24,24011,Beloeil--Chambly,29190,11171000 ,27190 ,9815000 ,1150 ,725000 ,570 ,406000 ,280 ,226000 ,,,,,,,,,,,,
24,24012,Berthier--Maskinongé,36000,14657000 ,33090 ,12559000 ,1420 ,952000 ,950 ,680000 ,540 ,466000 ,,,,,,,,,,,,
24,24013,Thérèse-De Blainville,27750,10673000 ,25880 ,9371000 ,1030 ,668000 ,540 ,386000 ,290 ,248000 ,,,,,,,,,,,,
24,24014,Pierre-Boucher--Les Patriotes--Verchères,23890,8994000 ,22360 ,7942000 ,810 ,518000 ,450 ,319000 ,260 ,215000 ,,,,,,,,,,,,
24,24015,Bourassa,44420,19312000 ,38360 ,14606000 ,2560 ,1787000 ,2060 ,1579000 ,1440 ,1341000 ,,,,,,,,,,,,
24,24016,Brome--Missisquoi,33630,13575000 ,30850 ,11570000 ,1330 ,873000 ,850 ,607000 ,610 ,524000 ,,,,,,,,,,,,
24,24017,Brossard--Saint-Lambert,31380,12687000 ,28160 ,10305000 ,1420 ,938000 ,1170 ,879000 ,630 ,566000 ,,,,,,,,,,,,
24,24018,Rimouski-Neigette--Témiscouata--Les Basques,30120,11829000 ,28370 ,10608000 ,900 ,591000 ,520 ,362000 ,320 ,268000 ,,,,,,,,,,,,
24,24019,Charlesbourg--Haute-Saint-Charles,30170,11491000 ,28270 ,10216000 ,1050 ,652000 ,560 ,380000 ,290 ,243000 ,,,,,,,,,,,,
24,24020,Beauport--Côte-de-Beaupré--Île d'Orléans--Charlevoix,27360,10528000 ,25830 ,9500000 ,830 ,518000 ,440 ,308000 ,250 ,202000 ,,,,,,,,,,,,
24,24021,Châteauguay--Lacolle,29200,11729000 ,26520 ,9771000 ,1270 ,857000 ,850 ,615000 ,560 ,487000 ,,,,,,,,,,,,
24,24022,Chicoutimi--Le Fjord,27400,10507000 ,25920 ,9493000 ,820 ,536000 ,450 ,314000 ,210 ,164000 ,,,,,,,,,,,,
24,24023,Compton--Stanstead,31460,12606000 ,28520 ,10516000 ,1360 ,867000 ,910 ,656000 ,670 ,568000 ,,,,,,,,,,,,
24,24024,Dorval--Lachine--LaSalle,41880,17452000 ,37290 ,13903000 ,2100 ,1453000 ,1570 ,1215000 ,920 ,881000 ,,,,,,,,,,,,
24,24025,Drummond,36340,14681000 ,33280 ,12505000 ,1530 ,1001000 ,890 ,634000 ,640 ,542000 ,,,,,,,,,,,,
24,24026,Gaspésie--Les Îles-de-la-Madeleine,30360,12124000 ,28790 ,10998000 ,900 ,604000 ,440 ,323000 ,230 ,199000 ,,,,,,,,,,,,
24,24027,Gatineau,31910,12713000 ,29060 ,10639000 ,1450 ,959000 ,850 ,624000 ,550 ,490000 ,,,,,,,,,,,,
24,24028,Hochelaga,43720,17474000 ,40160 ,14817000 ,1720 ,1170000 ,1200 ,896000 ,640 ,592000 ,,,,,,,,,,,,
24,24029,Honoré-Mercier,37080,15246000 ,33270 ,12354000 ,1680 ,1142000 ,1300 ,984000 ,830 ,766000 ,,,,,,,,,,,,
24,24030,Hull--Aylmer,30560,12250000 ,27750 ,10118000 ,1350 ,915000 ,850 ,650000 ,610 ,567000 ,,,,,,,,,,,,
24,24031,Joliette,38200,15590000 ,35170 ,13288000 ,1510 ,1030000 ,870 ,663000 ,640 ,608000 ,,,,,,,,,,,,
24,24032,Jonquière,27650,10701000 ,25740 ,9388000 ,960 ,617000 ,590 ,413000 ,360 ,284000 ,,,,,,,,,,,,
24,24033,La Pointe-de-l'Île,39360,15896000 ,36020 ,13371000 ,1690 ,1177000 ,1040 ,788000 ,610 ,560000 ,,,,,,,,,,,,
24,24034,La Prairie,28540,11265000 ,26200 ,9546000 ,1210 ,815000 ,740 ,553000 ,380 ,351000 ,,,,,,,,,,,,
24,24035,Lac-Saint-Jean,35520,14144000 ,32960 ,12311000 ,1270 ,849000 ,800 ,570000 ,500 ,415000 ,,,,,,,,,,,,
24,24036,Lac-Saint-Louis,28280,10812000 ,26050 ,9183000 ,930 ,607000 ,890 ,660000 ,410 ,363000 ,,,,,,,,,,,,
24,24037,LaSalle--Émard--Verdun,42950,17401000 ,39280 ,14664000 ,1830 ,1251000 ,1250 ,948000 ,580 ,539000 ,,,,,,,,,,,,
24,24038,Laurentides--Labelle,40920,16534000 ,38050 ,14490000 ,1520 ,991000 ,880 ,637000 ,470 ,417000 ,,,,,,,,,,,,
24,24039,Laurier--Sainte-Marie,44120,16841000 ,42270 ,15456000 ,1000 ,671000 ,560 ,434000 ,290 ,280000 ,,,,,,,,,,,,
24,24040,Laval--Les Îles,32720,13398000 ,29070 ,10699000 ,1500 ,986000 ,1320 ,978000 ,830 ,735000 ,,,,,,,,,,,,
24,24041,Longueuil--Charles-LeMoyne,40520,16565000 ,36580 ,13642000 ,1900 ,1282000 ,1320 ,980000 ,720 ,661000 ,,,,,,,,,,,,
24,24042,Lévis--Lotbinière,27750,10538000 ,25950 ,9322000 ,950 ,593000 ,500 ,333000 ,360 ,290000 ,,,,,,,,,,,,
24,24043,Longueuil--Saint-Hubert,36170,14374000 ,33140 ,12106000 ,1460 ,991000 ,960 ,718000 ,610 ,559000 ,,,,,,,,,,,,
24,24044,Louis-Hébert,30800,11384000 ,29210 ,10260000 ,780 ,493000 ,520 ,373000 ,300 ,258000 ,,,,,,,,,,,,
24,24045,Louis-Saint-Laurent,30710,11673000 ,28760 ,10360000 ,1120 ,700000 ,520 ,366000 ,300 ,248000 ,,,,,,,,,,,,
24,24046,Manicouagan,28210,11579000 ,25820 ,9686000 ,1240 ,893000 ,670 ,526000 ,470 ,473000 ,,,,,,,,,,,,
24,24047,Mégantic--L'Érable,31740,12843000 ,29380 ,11171000 ,1090 ,696000 ,720 ,509000 ,550 ,467000 ,,,,,,,,,,,,
24,24048,Mirabel,29750,11899000 ,26820 ,9856000 ,1450 ,945000 ,930 ,645000 ,550 ,453000 ,,,,,,,,,,,,
24,24049,Montarville,22300,8277000 ,21050 ,7436000 ,710 ,438000 ,340 ,240000 ,190 ,163000 ,,,,,,,,,,,,
24,24050,Montcalm,32390,13202000 ,29210 ,10906000 ,1640 ,1086000 ,920 ,659000 ,620 ,550000 ,,,,,,,,,,,,
24,24051,Montmagny--L'Islet--Kamouraska--Rivière-du-Loup,33850,13435000 ,31770 ,11972000 ,1010 ,659000 ,600 ,411000 ,470 ,393000 ,,,,,,,,,,,,
24,24052,Mount Royal,35250,14911000 ,30420 ,11244000 ,2150 ,1441000 ,1730 ,1316000 ,960 ,910000 ,,,,,,,,,,,,
24,24053,Notre-Dame-de-Grâce--Westmount,34050,13762000 ,30640 ,11210000 ,1720 ,1167000 ,1230 ,956000 ,460 ,430000 ,,,,,,,,,,,,
24,24054,Outremont,35630,14887000 ,31700 ,11632000 ,1550 ,1038000 ,1210 ,937000 ,1160 ,1281000 ,,,,,,,,,,,,
24,24055,Papineau,47480,19923000 ,42180 ,15884000 ,2360 ,1585000 ,1820 ,1407000 ,1110 ,1048000 ,,,,,,,,,,,,
24,24056,Pierrefonds--Dollard,33920,13684000 ,30340 ,10984000 ,1430 ,950000 ,1290 ,953000 ,870 ,796000 ,,,,,,,,,,,,
24,24057,Pontiac,29420,12029000 ,26650 ,9958000 ,1360 ,921000 ,860 ,643000 ,550 ,507000 ,,,,,,,,,,,,
24,24058,Portneuf--Jacques-Cartier,28050,10777000 ,26190 ,9538000 ,950 ,585000 ,580 ,393000 ,330 ,261000 ,,,,,,,,,,,,
24,24059,Québec,37940,14543000 ,36060 ,13192000 ,1000 ,649000 ,550 ,402000 ,320 ,300000 ,,,,,,,,,,,,
24,24060,Repentigny,32790,12768000 ,30310 ,10994000 ,1310 ,858000 ,720 ,524000 ,450 ,392000 ,,,,,,,,,,,,
24,24061,Richmond--Arthabaska,37230,15103000 ,34140 ,12874000 ,1420 ,938000 ,980 ,704000 ,680 ,588000 ,,,,,,,,,,,,
24,24062,Rivière-des-Mille-Îles,30130,11949000 ,27670 ,10047000 ,1190 ,786000 ,650 ,464000 ,630 ,652000 ,,,,,,,,,,,,
24,24063,Rivière-du-Nord,38030,15263000 ,34990 ,13086000 ,1630 ,1081000 ,880 ,643000 ,530 ,452000 ,,,,,,,,,,,,
24,24064,Rosemont--La Petite-Patrie,42510,16659000 ,39880 ,14760000 ,1390 ,908000 ,870 ,643000 ,370 ,347000 ,,,,,,,,,,,,
24,24065,Marc-Aurèle-Fortin,26880,10461000 ,24440 ,8707000 ,1060 ,687000 ,820 ,596000 ,560 ,471000 ,,,,,,,,,,,,
24,24066,Saint-Hyacinthe--Bagot,34990,13968000 ,32010 ,11843000 ,1430 ,918000 ,830 ,590000 ,720 ,617000 ,,,,,,,,,,,,
24,24067,Saint-Jean,35370,13903000 ,32770 ,12097000 ,1390 ,907000 ,770 ,539000 ,440 ,360000 ,,,,,,,,,,,,
24,24068,Saint-Laurent,34960,15344000 ,29180 ,10871000 ,2120 ,1422000 ,2180 ,1650000 ,1490 ,1401000 ,,,,,,,,,,,,
24,24069,Saint-Léonard--Saint-Michel,45450,20345000 ,37610 ,14238000 ,3010 ,2078000 ,2850 ,2177000 ,1990 ,1852000 ,,,,,,,,,,,,
24,24070,Saint-Maurice--Champlain,41640,16814000 ,38630 ,14555000 ,1510 ,1016000 ,860 ,645000 ,640 ,597000 ,,,,,,,,,,,,
24,24071,Salaberry--Suroît,39240,15991000 ,35940 ,13522000 ,1630 ,1104000 ,1010 ,763000 ,670 ,602000 ,,,,,,,,,,,,
24,24072,Shefford,36530,14715000 ,33360 ,12443000 ,1540 ,1007000 ,890 ,629000 ,740 ,636000 ,,,,,,,,,,,,
24,24073,Sherbrooke,43770,17326000 ,40370 ,14834000 ,1630 ,1064000 ,1030 ,758000 ,740 ,671000 ,,,,,,,,,,,,
24,24074,Vaudreuil--Soulanges,28920,11236000 ,26530 ,9548000 ,1160 ,754000 ,760 ,542000 ,470 ,393000 ,,,,,,,,,,,,
24,24075,Terrebonne,29780,11795000 ,27020 ,9819000 ,1360 ,900000 ,830 ,595000 ,570 ,482000 ,,,,,,,,,,,,
24,24076,Trois-Rivières,43380,17106000 ,40670 ,15134000 ,1520 ,1013000 ,740 ,543000 ,460 ,415000 ,,,,,,,,,,,,
24,24077,Ville-Marie--Le Sud-Ouest--Île-des-Soeurs,53580,20856000 ,50350 ,18291000 ,1590 ,1108000 ,1030 ,839000 ,610 ,618000 ,,,,,,,,,,,,
24,24078,Vimy,43040,17746000 ,38460 ,14301000 ,1880 ,1244000 ,1700 ,1266000 ,1010 ,935000 ,,,,,,,,,,,,
TOTAL,,,2691520,1079584000 ,2462890 ,910732000 ,108910 ,72421000 ,72900 ,53981000 ,46820 ,42450000 ,,,,,,,,,,,,
35,35001,Ajax,32210,13405000 ,28430 ,10473000 ,1700 ,1185000 ,1190 ,911000 ,890 ,837000 ,,,,,,,,,,,,
35,35002,Algoma--Manitoulin--Kapuskasing,25700,10876000 ,23350 ,9001000 ,1210 ,872000 ,680 ,553000 ,460 ,450000 ,,,,,,,,,,,,
35,35003,Aurora--Oak Ridges--Richmond Hill,30550,12572000 ,27200 ,10090000 ,1720 ,1167000 ,1220 ,951000 ,400 ,365000 ,,,,,,,,,,,,
35,35004,Barrie--Innisfil,27590,11377000 ,24840 ,9244000 ,1410 ,1001000 ,870 ,678000 ,480 ,454000 ,,,,,,,,,,,,
35,35005,Barrie--Springwater--Oro-Medonte,28680,11762000 ,26350 ,9981000 ,1260 ,900000 ,700 ,543000 ,370 ,338000 ,,,,,,,,,,,,
35,35006,Bay of Quinte,33600,14017000 ,30580 ,11695000 ,1560 ,1115000 ,870 ,661000 ,580 ,545000 ,,,,,,,,,,,,
35,35007,Beaches--East York,31990,13369000 ,28850 ,10924000 ,1540 ,1087000 ,1040 ,822000 ,550 ,535000 ,,,,,,,,,,,,
35,35008,Brampton Centre,33630,14541000 ,28910 ,10891000 ,2110 ,1487000 ,1700 ,1318000 ,910 ,846000 ,,,,,,,,,,,,
35,35009,Brampton East,39400,17459000 ,32590 ,12372000 ,2520 ,1688000 ,2980 ,2219000 ,1310 ,1180000 ,,,,,,,,,,,,
35,35010,Brampton North,36910,15821000 ,31480 ,11765000 ,2260 ,1536000 ,2220 ,1657000 ,950 ,864000 ,,,,,,,,,,,,
35,35011,Brampton South,41310,17577000 ,35900 ,13461000 ,2410 ,1676000 ,2130 ,1627000 ,870 ,812000 ,,,,,,,,,,,,
35,35012,Brampton West,36110,15792000 ,30000 ,11212000 ,2600 ,1764000 ,2400 ,1787000 ,1120 ,1029000 ,,,,,,,,,,,,
35,35013,Brantford--Brant,39710,16786000 ,35620 ,13576000 ,2000 ,1458000 ,1270 ,988000 ,820 ,763000 ,,,,,,,,,,,,
35,35014,Bruce--Grey--Owen Sound,31670,13099000 ,28940 ,11010000 ,1270 ,890000 ,800 ,603000 ,660 ,596000 ,,,,,,,,,,,,
35,35015,Burlington,30100,11670000 ,28260 ,10279000 ,940 ,658000 ,610 ,470000 ,290 ,263000 ,,,,,,,,,,,,
35,35016,Cambridge,32380,13349000 ,29310 ,10994000 ,1510 ,1066000 ,970 ,750000 ,590 ,539000 ,,,,,,,,,,,,
35,35017,Chatham-Kent--Leamington,34910,14588000 ,31270 ,11722000 ,1550 ,1103000 ,1070 ,817000 ,1020 ,947000 ,,,,,,,,,,,,
35,35018,Davenport,37820,15438000 ,35470 ,13638000 ,1260 ,880000 ,730 ,577000 ,370 ,342000 ,,,,,,,,,,,,
35,35019,Don Valley East,32740,14121000 ,28480 ,10738000 ,1840 ,1287000 ,1460 ,1160000 ,970 ,935000 ,,,,,,,,,,,,
35,35020,Don Valley North,39000,16205000 ,34900 ,13131000 ,2210 ,1504000 ,1370 ,1060000 ,520 ,510000 ,,,,,,,,,,,,
35,35021,Don Valley West,25400,10789000 ,22160 ,8133000 ,1210 ,831000 ,1050 ,840000 ,980 ,985000 ,,,,,,,,,,,,
35,35022,Dufferin--Caledon,30600,12089000 ,28090 ,10224000 ,1250 ,871000 ,830 ,612000 ,430 ,382000 ,,,,,,,,,,,,
35,35023,Durham,29510,11728000 ,26930 ,9754000 ,1330 ,940000 ,790 ,609000 ,470 ,426000 ,,,,,,,,,,,,
35,35024,Eglinton--Lawrence,32930,13486000 ,30110 ,11211000 ,1400 ,1012000 ,860 ,675000 ,570 ,587000 ,,,,,,,,,,,,
35,35025,Elgin--Middlesex--London,30660,12684000 ,27510 ,10186000 ,1330 ,908000 ,830 ,638000 ,1000 ,953000 ,,,,,,,,,,,,
35,35026,Essex,28040,10845000 ,26080 ,9379000 ,960 ,669000 ,590 ,442000 ,420 ,356000 ,,,,,,,,,,,,
35,35027,Etobicoke Centre,33850,13590000 ,31080 ,11426000 ,1330 ,934000 ,910 ,711000 ,530 ,518000 ,,,,,,,,,,,,
35,35028,Etobicoke--Lakeshore,36650,14617000 ,34260 ,12782000 ,1360 ,967000 ,730 ,574000 ,310 ,294000 ,,,,,,,,,,,,
35,35029,Etobicoke North,48530,21618000 ,41230 ,15653000 ,3150 ,2271000 ,2450 ,1952000 ,1700 ,1743000 ,,,,,,,,,,,,
35,35030,Flamborough--Glanbrook,22430,8917000 ,20430 ,7369000 ,860 ,590000 ,670 ,510000 ,480 ,448000 ,,,,,,,,,,,,
35,35031,Glengarry--Prescott--Russell,28960,11590000 ,26960 ,10113000 ,1010 ,672000 ,600 ,444000 ,400 ,362000 ,,,,,,,,,,,,
35,35032,Guelph,34690,13786000 ,31780 ,11600000 ,1440 ,1000000 ,950 ,726000 ,520 ,460000 ,,,,,,,,,,,,
35,35033,Haldimand--Norfolk,30700,12615000 ,28040 ,10497000 ,1220 ,865000 ,700 ,539000 ,740 ,714000 ,,,,,,,,,,,,
35,35034,Haliburton--Kawartha Lakes--Brock,32390,13179000 ,30010 ,11368000 ,1200 ,852000 ,740 ,577000 ,440 ,382000 ,,,,,,,,,,,,
35,35035,Hamilton Centre,40740,17551000 ,36980 ,14456000 ,1730 ,1264000 ,1140 ,941000 ,880 ,890000 ,,,,,,,,,,,,
35,35036,Hamilton East--Stoney Creek,35740,14863000 ,32340 ,12166000 ,1660 ,1179000 ,1040 ,836000 ,710 ,682000 ,,,,,,,,,,,,
35,35037,Hamilton Mountain,34480,14307000 ,31090 ,11595000 ,1600 ,1153000 ,1030 ,819000 ,760 ,741000 ,,,,,,,,,,,,
35,35038,Hamilton West--Ancaster--Dundas,29300,11521000 ,26970 ,9690000 ,1100 ,779000 ,710 ,551000 ,520 ,502000 ,,,,,,,,,,,,
35,35039,Hastings--Lennox and Addington,30660,12813000 ,27860 ,10662000 ,1330 ,932000 ,860 ,662000 ,610 ,557000 ,,,,,,,,,,,,
35,35040,Huron--Bruce,26270,10575000 ,24200 ,8975000 ,940 ,666000 ,640 ,489000 ,500 ,446000 ,,,,,,,,,,,,
35,35041,Kanata--Carleton,21160,8213000 ,19510 ,6988000 ,800 ,542000 ,540 ,405000 ,310 ,278000 ,,,,,,,,,,,,
35,35042,Kenora,19620,9478000 ,15920 ,6206000 ,1550 ,1154000 ,1000 ,870000 ,1160 ,1249000 ,,,,,,,,,,,,
35,35043,King--Vaughan,32470,13352000 ,28960 ,10674000 ,1430 ,972000 ,1310 ,1010000 ,760 ,697000 ,,,,,,,,,,,,
35,35044,Kingston and the Islands,33680,13646000 ,31090 ,11678000 ,1360 ,943000 ,800 ,631000 ,430 ,394000 ,,,,,,,,,,,,
35,35045,Kitchener Centre,33750,13863000 ,30720 ,11533000 ,1460 ,1015000 ,900 ,691000 ,670 ,625000 ,,,,,,,,,,,,
35,35046,Kitchener--Conestoga,20090,8045000 ,18210 ,6581000 ,790 ,540000 ,580 ,434000 ,520 ,490000 ,,,,,,,,,,,,
35,35047,Kitchener South--Hespeler,27590,11307000 ,24700 ,9067000 ,1360 ,963000 ,910 ,712000 ,610 ,565000 ,,,,,,,,,,,,
35,35048,Lambton--Kent--Middlesex,27570,11278000 ,25110 ,9352000 ,1070 ,761000 ,760 ,580000 ,620 ,585000 ,,,,,,,,,,,,
35,35049,Lanark--Frontenac--Kingston,25800,10464000 ,23750 ,8901000 ,1080 ,761000 ,620 ,475000 ,350 ,327000 ,,,,,,,,,,,,
35,35050,Leeds--Grenville--Thousand Islands and Rideau Lakes,28700,11580000 ,26480 ,9915000 ,1140 ,787000 ,650 ,494000 ,430 ,384000 ,,,,,,,,,,,,
35,35051,London--Fanshawe,39810,17061000 ,35010 ,13207000 ,2250 ,1598000 ,1360 ,1082000 ,1180 ,1174000 ,,,,,,,,,,,,
35,35052,London North Centre,40920,16657000 ,37430 ,13919000 ,1630 ,1152000 ,1130 ,876000 ,730 ,709000 ,,,,,,,,,,,,
35,35053,London West,34460,14015000 ,31170 ,11441000 ,1460 ,1011000 ,1070 ,816000 ,760 ,747000 ,,,,,,,,,,,,
35,35054,Markham--Stouffville,30230,12359000 ,27070 ,9999000 ,1340 ,905000 ,1250 ,931000 ,570 ,523000 ,,,,,,,,,,,,
35,35055,Markham--Thornhill,37820,16247000 ,33010 ,12538000 ,2170 ,1504000 ,1800 ,1414000 ,830 ,792000 ,,,,,,,,,,,,
35,35056,Markham--Unionville,36820,15582000 ,32680 ,12510000 ,2160 ,1466000 ,1530 ,1187000 ,460 ,420000 ,,,,,,,,,,,,
35,35057,Milton,21850,9245000 ,18730 ,6858000 ,1110 ,746000 ,1130 ,838000 ,880 ,802000 ,,,,,,,,,,,,
35,35058,Mississauga Centre,42460,17990000 ,37070 ,13804000 ,2300 ,1570000 ,1880 ,1466000 ,1210 ,1150000 ,,,,,,,,,,,,
35,35059,Mississauga East--Cooksville,40340,17090000 ,35450 ,13283000 ,2100 ,1452000 ,1730 ,1347000 ,1060 ,1008000 ,,,,,,,,,,,,
35,35060,Mississauga--Erin Mills,35110,14733000 ,30590 ,11154000 ,1770 ,1237000 ,1570 ,1227000 ,1170 ,1114000 ,,,,,,,,,,,,
35,35061,Mississauga--Lakeshore,31800,12770000 ,29010 ,10628000 ,1280 ,886000 ,950 ,733000 ,560 ,522000 ,,,,,,,,,,,,
35,35062,Mississauga--Malton,41330,17955000 ,35360 ,13301000 ,2610 ,1810000 ,2090 ,1619000 ,1270 ,1225000 ,,,,,,,,,,,,
35,35063,Mississauga--Streetsville,31840,12780000 ,28680 ,10385000 ,1360 ,925000 ,1150 ,880000 ,650 ,590000 ,,,,,,,,,,,,
35,35064,Nepean,27090,10888000 ,24420 ,8845000 ,1180 ,811000 ,830 ,625000 ,650 ,607000 ,,,,,,,,,,,,
35,35065,Newmarket--Aurora,30920,12440000 ,28110 ,10287000 ,1410 ,1001000 ,950 ,736000 ,450 ,417000 ,,,,,,,,,,,,
35,35066,Niagara Centre,36920,15177000 ,33820 ,12752000 ,1590 ,1157000 ,920 ,720000 ,580 ,548000 ,,,,,,,,,,,,
35,35067,Niagara Falls,43810,18028000 ,40090 ,15156000 ,1900 ,1334000 ,1120 ,866000 ,710 ,671000 ,,,,,,,,,,,,
35,35068,Niagara West,19770,7632000 ,18470 ,6674000 ,640 ,430000 ,380 ,286000 ,290 ,242000 ,,,,,,,,,,,,
35,35069,Nickel Belt,23640,9480000 ,21840 ,8126000 ,1050 ,731000 ,480 ,371000 ,270 ,251000 ,,,,,,,,,,,,
35,35070,Nipissing--Timiskaming,28930,11951000 ,26570 ,10159000 ,1280 ,891000 ,710 ,552000 ,370 ,349000 ,,,,,,,,,,,,
35,35071,Northumberland--Peterborough South,28450,11405000 ,26340 ,9803000 ,1050 ,745000 ,660 ,503000 ,400 ,353000 ,,,,,,,,,,,,
35,35072,Oakville,28510,11156000 ,26440 ,9551000 ,1010 ,706000 ,720 ,568000 ,340 ,331000 ,,,,,,,,,,,,
35,35073,Oakville North--Burlington,24990,9957000 ,22480 ,8035000 ,1040 ,708000 ,920 ,713000 ,540 ,501000 ,,,,,,,,,,,,
35,35074,Oshawa,40860,17106000 ,36980 ,14060000 ,2120 ,1557000 ,1150 ,907000 ,610 ,582000 ,,,,,,,,,,,,
35,35075,Ottawa Centre,30730,12125000 ,29120 ,10828000 ,830 ,601000 ,470 ,376000 ,320 ,319000 ,,,,,,,,,,,,
35,35076,Orléans,26940,10402000 ,24960 ,8896000 ,940 ,645000 ,590 ,440000 ,450 ,421000 ,,,,,,,,,,,,
35,35077,Ottawa South,36850,15722000 ,32570 ,12137000 ,1770 ,1254000 ,1280 ,1062000 ,1230 ,1269000 ,,,,,,,,,,,,
35,35078,Ottawa--Vanier,35920,15021000 ,32560 ,12275000 ,1490 ,1078000 ,980 ,795000 ,890 ,873000 ,,,,,,,,,,,,
35,35079,Ottawa West--Nepean,33340,13786000 ,30280 ,11286000 ,1300 ,916000 ,980 ,784000 ,780 ,799000 ,,,,,,,,,,,,
35,35080,Oxford,31340,12680000 ,28560 ,10546000 ,1230 ,846000 ,830 ,613000 ,730 ,675000 ,,,,,,,,,,,,
35,35081,Parkdale--High Park,31640,12707000 ,29670 ,11163000 ,1100 ,797000 ,630 ,503000 ,240 ,244000 ,,,,,,,,,,,,
35,35082,Parry Sound--Muskoka,27960,11571000 ,25710 ,9860000 ,1110 ,776000 ,740 ,581000 ,390 ,354000 ,,,,,,,,,,,,
35,35083,Perth--Wellington,28190,11379000 ,25630 ,9383000 ,1020 ,699000 ,660 ,492000 ,880 ,805000 ,,,,,,,,,,,,
35,35084,Peterborough--Kawartha,36780,15154000 ,33750 ,12828000 ,1560 ,1096000 ,950 ,747000 ,530 ,482000 ,,,,,,,,,,,,
35,35085,Pickering--Uxbridge,29430,11730000 ,26960 ,9819000 ,1120 ,783000 ,830 ,643000 ,510 ,485000 ,,,,,,,,,,,,
35,35086,Renfrew--Nipissing--Pembroke,29200,11914000 ,26900 ,10190000 ,1170 ,806000 ,660 ,494000 ,480 ,425000 ,,,,,,,,,,,,
35,35087,Richmond Hill,37190,15391000 ,33690 ,12778000 ,2000 ,1383000 ,1150 ,904000 ,350 ,327000 ,,,,,,,,,,,,
35,35088,Carleton,16290,6243000 ,15130 ,5367000 ,540 ,364000 ,370 ,282000 ,250 ,230000 ,,,,,,,,,,,,
35,35089,St. Catharines,37830,15639000 ,34740 ,13216000 ,1560 ,1130000 ,940 ,744000 ,590 ,548000 ,,,,,,,,,,,,
35,35090,Toronto--St. Paul's,29530,11542000 ,27940 ,10372000 ,920 ,634000 ,510 ,388000 ,160 ,148000 ,,,,,,,,,,,,
35,35091,Sarnia--Lambton,28310,11487000 ,25960 ,9657000 ,1290 ,934000 ,660 ,527000 ,400 ,369000 ,,,,,,,,,,,,
35,35092,Sault Ste. Marie,26260,10809000 ,24160 ,9173000 ,1160 ,845000 ,610 ,487000 ,330 ,304000 ,,,,,,,,,,,,
35,35093,Scarborough--Agincourt,43470,18630000 ,38540 ,14830000 ,2350 ,1640000 ,1820 ,1430000 ,750 ,729000 ,,,,,,,,,,,,
35,35094,Scarborough Centre,43270,18696000 ,37620 ,14218000 ,2490 ,1761000 ,1920 ,1513000 ,1240 ,1203000 ,,,,,,,,,,,,
35,35095,Scarborough--Guildwood,39860,17592000 ,33930 ,12844000 ,2550 ,1807000 ,2040 ,1623000 ,1350 ,1319000 ,,,,,,,,,,,,
35,35096,Scarborough North,42380,18462000 ,36700 ,14070000 ,2560 ,1768000 ,2130 ,1685000 ,990 ,939000 ,,,,,,,,,,,,
35,35097,Scarborough--Rouge Park,34160,14222000 ,30450 ,11299000 ,1660 ,1179000 ,1240 ,971000 ,810 ,772000 ,,,,,,,,,,,,
35,35098,Scarborough Southwest,39420,17204000 ,34090 ,12990000 ,2400 ,1703000 ,1910 ,1510000 ,1020 ,1001000 ,,,,,,,,,,,,
35,35099,Simcoe--Grey,33430,13574000 ,30690 ,11500000 ,1370 ,972000 ,860 ,645000 ,510 ,457000 ,,,,,,,,,,,,
35,35100,Simcoe North,34730,14357000 ,31860 ,12161000 ,1490 ,1062000 ,850 ,660000 ,530 ,474000 ,,,,,,,,,,,,
35,35101,Spadina--Fort York,29100,11366000 ,27750 ,10313000 ,790 ,564000 ,390 ,314000 ,180 ,175000 ,,,,,,,,,,,,
35,35102,Stormont--Dundas--South Glengarry,33100,14049000 ,29760 ,11415000 ,1590 ,1122000 ,970 ,770000 ,790 ,742000 ,,,,,,,,,,,,
35,35103,Sudbury,29050,11733000 ,26930 ,10056000 ,1190 ,860000 ,590 ,487000 ,340 ,330000 ,,,,,,,,,,,,
35,35104,Thornhill,33970,13654000 ,31070 ,11493000 ,1540 ,1053000 ,930 ,709000 ,430 ,398000 ,,,,,,,,,,,,
35,35105,Thunder Bay--Rainy River,24650,10304000 ,22380 ,8450000 ,1100 ,801000 ,670 ,547000 ,510 ,506000 ,,,,,,,,,,,,
35,35106,Thunder Bay--Superior North,24200,9961000 ,22180 ,8338000 ,1010 ,720000 ,560 ,445000 ,460 ,457000 ,,,,,,,,,,,,
35,35107,Timmins--James Bay,23830,10428000 ,21180 ,8223000 ,1260 ,913000 ,780 ,643000 ,610 ,649000 ,,,,,,,,,,,,
35,35108,Toronto Centre,37650,15210000 ,34990 ,13069000 ,1330 ,948000 ,830 ,676000 ,510 ,517000 ,,,,,,,,,,,,
35,35109,Toronto--Danforth,32410,13357000 ,30030 ,11457000 ,1220 ,885000 ,770 ,619000 ,400 ,395000 ,,,,,,,,,,,,
35,35110,University--Rosedale,41810,15897000 ,40750 ,15091000 ,620 ,440000 ,340 ,272000 ,100 ,93000 ,,,,,,,,,,,,
35,35111,Vaughan--Woodbridge,28270,11236000 ,25990 ,9505000 ,1020 ,704000 ,820 ,633000 ,430 ,393000 ,,,,,,,,,,,,
35,35112,Waterloo,29390,11455000 ,27200 ,9758000 ,1030 ,723000 ,710 ,547000 ,440 ,428000 ,,,,,,,,,,,,
35,35113,Wellington--Halton Hills,26490,10128000 ,24930 ,8979000 ,770 ,525000 ,530 ,390000 ,270 ,233000 ,,,,,,,,,,,,
35,35114,Whitby,29490,11751000 ,26940 ,9767000 ,1170 ,836000 ,870 ,682000 ,510 ,466000 ,,,,,,,,,,,,
35,35115,Willowdale,43150,17764000 ,39440 ,15040000 ,2260 ,1547000 ,1130 ,883000 ,320 ,293000 ,,,,,,,,,,,,
35,35116,Windsor--Tecumseh,37240,15435000 ,33480 ,12449000 ,1810 ,1304000 ,1140 ,915000 ,800 ,768000 ,,,,,,,,,,,,
35,35117,Windsor West,45810,19572000 ,40570 ,15237000 ,2180 ,1563000 ,1600 ,1290000 ,1460 ,1482000 ,,,,,,,,,,,,
35,35118,York Centre,39650,16639000 ,35650 ,13595000 ,2140 ,1485000 ,1320 ,1039000 ,540 ,519000 ,,,,,,,,,,,,
35,35119,York--Simcoe,26170,10652000 ,23780 ,8839000 ,1130 ,786000 ,830 ,630000 ,440 ,397000 ,,,,,,,,,,,,
35,35120,York South--Weston,46860,20472000 ,41490 ,16107000 ,2760 ,2020000 ,1670 ,1386000 ,940 ,960000 ,,,,,,,,,,,,
35,35121,Humber River--Black Creek,48930,21940000 ,42100 ,16334000 ,3210 ,2350000 ,2200 ,1824000 ,1420 ,1432000 ,,,,,,,,,,,,
TOTAL,,,3963210,1638961000 ,3576820 ,1338006000 ,182150 ,128081000 ,126180 ,98467000 ,78050 ,74406000 ,,,,,,,,,,,,
46,46001,Brandon--Souris,24050,10165000 ,21160 ,7819000 ,1180 ,811000 ,800 ,618000 ,910 ,917000 ,,,,,,,,,,,,
46,46002,Charleswood--St. James--Assiniboia--Headingley,20900,8116000 ,19440 ,6990000 ,760 ,527000 ,430 ,332000 ,280 ,267000 ,,,,,,,,,,,,
46,46003,Churchill--Keewatinook Aski,32420,16739000 ,24400 ,9323000 ,3010 ,2290000 ,2100 ,1827000 ,2910 ,3300000 ,,,,,,,,,,,,
46,46004,Dauphin--Swan River--Neepawa,28970,12721000 ,25230 ,9582000 ,1480 ,1068000 ,1090 ,879000 ,1170 ,1192000 ,,,,,,,,,,,,
46,46005,Elmwood--Transcona,26880,11073000 ,23880 ,8811000 ,1420 ,983000 ,930 ,691000 ,650 ,588000 ,,,,,,,,,,,,
46,46006,Kildonan--St. Paul,23610,9320000 ,21680 ,7890000 ,970 ,657000 ,620 ,465000 ,340 ,308000 ,,,,,,,,,,,,
46,46007,Portage--Lisgar,25870,11446000 ,21610 ,7931000 ,1160 ,790000 ,1140 ,843000 ,1960 ,1882000 ,,,,,,,,,,,,
46,46008,Provencher,23060,9856000 ,19810 ,7260000 ,960 ,629000 ,930 ,672000 ,1360 ,1296000 ,,,,,,,,,,,,
46,46009,Saint Boniface--Saint Vital,25350,10139000 ,23040 ,8387000 ,1080 ,738000 ,710 ,529000 ,520 ,484000 ,,,,,,,,,,,,
46,46010,Selkirk--Interlake--Eastman,25570,10613000 ,23250 ,8713000 ,1020 ,721000 ,630 ,500000 ,670 ,680000 ,,,,,,,,,,,,
46,46011,Winnipeg Centre,38910,16155000 ,34970 ,13027000 ,1740 ,1212000 ,1170 ,900000 ,1030 ,1015000 ,,,,,,,,,,,,
46,46012,Winnipeg North,34680,14979000 ,29620 ,11025000 ,2180 ,1509000 ,1700 ,1293000 ,1180 ,1152000 ,,,,,,,,,,,,
46,46013,Winnipeg South,27830,10967000 ,24970 ,8816000 ,1330 ,899000 ,1010 ,772000 ,520 ,479000 ,,,,,,,,,,,,
46,46014,Winnipeg South Centre,25910,10020000 ,24140 ,8716000 ,850 ,581000 ,640 ,477000 ,280 ,245000 ,,,,,,,,,,,,
TOTAL,,,384010,162308000 ,337200 ,124290000 ,19130 ,13415000 ,13910 ,10798000 ,13790 ,13805000 ,,,,,,,,,,,,
47,47001,Battlefords--Lloydminster,19560,8870000 ,16600 ,6346000 ,1270 ,947000 ,830 ,691000 ,860 ,887000 ,,,,,,,,,,,,
47,47002,Cypress Hills--Grasslands,16860,6914000 ,15130 ,5560000 ,600 ,406000 ,530 ,393000 ,600 ,555000 ,,,,,,,,,,,,
47,47003,Desnethé--Missinippi--Churchill River,25690,13134000 ,19990 ,7940000 ,2400 ,1857000 ,1500 ,1334000 ,1800 ,2003000 ,,,,,,,,,,,,
47,47004,Carlton Trail--Eagle Creek,16730,7022000 ,14900 ,5556000 ,690 ,471000 ,530 ,424000 ,610 ,570000 ,,,,,,,,,,,,
47,47005,Moose Jaw--Lake Centre--Lanigan,18710,7671000 ,17040 ,6350000 ,720 ,517000 ,490 ,379000 ,460 ,426000 ,,,,,,,,,,,,
47,47006,Prince Albert,25810,11541000 ,22330 ,8614000 ,1480 ,1071000 ,990 ,808000 ,1000 ,1047000 ,,,,,,,,,,,,
47,47007,Regina--Lewvan,19590,7838000 ,17670 ,6412000 ,960 ,643000 ,570 ,420000 ,390 ,364000 ,,,,,,,,,,,,
47,47008,Regina--Qu'Appelle,22000,9880000 ,19010 ,7376000 ,1320 ,964000 ,840 ,694000 ,820 ,846000 ,,,,,,,,,,,,
47,47009,Regina--Wascana,22540,9181000 ,20540 ,7624000 ,950 ,646000 ,570 ,446000 ,480 ,465000 ,,,,,,,,,,,,
47,47010,Saskatoon--Grasswood,20040,8027000 ,18190 ,6627000 ,900 ,607000 ,570 ,431000 ,380 ,363000 ,,,,,,,,,,,,
47,47011,Saskatoon--University,19230,7695000 ,17310 ,6269000 ,950 ,642000 ,560 ,411000 ,400 ,373000 ,,,,,,,,,,,,
47,47012,Saskatoon West,26010,11419000 ,22580 ,8600000 ,1500 ,1090000 ,1030 ,826000 ,900 ,903000 ,,,,,,,,,,,,
47,47013,Souris--Moose Mountain,17020,7186000 ,15100 ,5659000 ,850 ,580000 ,530 ,417000 ,540 ,531000 ,,,,,,,,,,,,
47,47014,Yorkton--Melville,20010,8513000 ,18050 ,6935000 ,870 ,614000 ,590 ,469000 ,500 ,495000 ,,,,,,,,,,,,
TOTAL,,,289760,124891000 ,254430 ,95868000 ,15440 ,11055000 ,10130 ,8141000 ,9750 ,9828000 ,,,,,,,,,,,,
48,48001,Banff--Airdrie,24930,10028000 ,22680 ,8284000 ,1100 ,785000 ,670 ,508000 ,490 ,452000 ,,,,,,,,,,,,
48,48002,Battle River--Crowfoot,25080,10440000 ,22710 ,8535000 ,940 ,647000 ,710 ,537000 ,720 ,721000 ,,,,,,,,,,,,
48,48003,Bow River,25870,11282000 ,22220 ,8314000 ,1340 ,943000 ,950 ,720000 ,1370 ,1305000 ,,,,,,,,,,,,
48,48004,Calgary Centre,29380,11566000 ,27910 ,10472000 ,840 ,565000 ,430 ,335000 ,210 ,194000 ,,,,,,,,,,,,
48,48005,Calgary Confederation,28850,11436000 ,27060 ,10100000 ,920 ,621000 ,580 ,450000 ,290 ,264000 ,,,,,,,,,,,,
48,48006,Calgary Forest Lawn,36010,15560000 ,31420 ,11980000 ,1880 ,1302000 ,1430 ,1084000 ,1270 ,1194000 ,,,,,,,,,,,,
48,48007,Calgary Heritage,23900,9435000 ,21910 ,7971000 ,1000 ,687000 ,630 ,463000 ,360 ,314000 ,,,,,,,,,,,,
48,48008,Calgary Midnapore,25250,9859000 ,23430 ,8492000 ,930 ,648000 ,550 ,415000 ,340 ,304000 ,,,,,,,,,,,,
48,48009,Calgary Nose Hill,27950,11373000 ,25120 ,9229000 ,1270 ,861000 ,940 ,702000 ,620 ,580000 ,,,,,,,,,,,,
48,48010,Calgary Rocky Ridge,23250,9123000 ,21230 ,7612000 ,890 ,599000 ,710 ,532000 ,420 ,379000 ,,,,,,,,,,,,
48,48011,Calgary Shepard,25520,10356000 ,23030 ,8448000 ,1160 ,801000 ,780 ,597000 ,540 ,510000 ,,,,,,,,,,,,
48,48012,Calgary Signal Hill,24100,9617000 ,22250 ,8179000 ,880 ,615000 ,600 ,467000 ,370 ,356000 ,,,,,,,,,,,,
48,48013,Calgary Skyview,35930,15893000 ,29700 ,11191000 ,2410 ,1580000 ,2150 ,1590000 ,1680 ,1532000 ,,,,,,,,,,,,
48,48014,Edmonton Centre,33060,13472000 ,30940 ,11853000 ,1100 ,775000 ,630 ,478000 ,390 ,366000 ,,,,,,,,,,,,
48,48015,Edmonton Griesbach,39060,17039000 ,35110 ,13831000 ,1750 ,1268000 ,1130 ,896000 ,1060 ,1044000 ,,,,,,,,,,,,
48,48016,Edmonton Manning,29270,12556000 ,25630 ,9623000 ,1570 ,1101000 ,1110 ,882000 ,960 ,949000 ,,,,,,,,,,,,
48,48017,Edmonton Mill Woods,28660,12255000 ,24860 ,9316000 ,1600 ,1100000 ,1330 ,1009000 ,870 ,830000 ,,,,,,,,,,,,
48,48018,Edmonton Riverbend,24150,9623000 ,21980 ,7968000 ,980 ,669000 ,730 ,559000 ,470 ,427000 ,,,,,,,,,,,,
48,48019,Edmonton Strathcona,27990,11135000 ,26380 ,9912000 ,880 ,599000 ,490 ,381000 ,240 ,243000 ,,,,,,,,,,,,
48,48020,Edmonton West,27770,11553000 ,24960 ,9392000 ,1350 ,954000 ,930 ,719000 ,530 ,488000 ,,,,,,,,,,,,
48,48021,Edmonton--Wetaskiwin,27480,11293000 ,24580 ,9131000 ,1380 ,951000 ,970 ,722000 ,560 ,490000 ,,,,,,,,,,,,
48,48022,Foothills,24520,10273000 ,22110 ,8327000 ,1080 ,762000 ,690 ,552000 ,650 ,632000 ,,,,,,,,,,,,
48,48023,Fort McMurray--Cold Lake,18320,8015000 ,16100 ,6172000 ,1060 ,773000 ,690 ,579000 ,480 ,492000 ,,,,,,,,,,,,
48,48024,Grande Prairie--Mackenzie,23900,10244000 ,21180 ,8060000 ,1250 ,884000 ,740 ,586000 ,730 ,713000 ,,,,,,,,,,,,
48,48025,Lakeland,27240,12004000 ,24030 ,9325000 ,1390 ,1028000 ,890 ,726000 ,930 ,926000 ,,,,,,,,,,,,
48,48026,Lethbridge,29040,12071000 ,26080 ,9770000 ,1220 ,840000 ,850 ,637000 ,890 ,825000 ,,,,,,,,,,,,
48,48027,Medicine Hat--Cardston--Warner,27970,12201000 ,24500 ,9338000 ,1390 ,1021000 ,950 ,749000 ,1140 ,1093000 ,,,,,,,,,,,,
48,48028,Peace River--Westlock,26660,12325000 ,22430 ,8672000 ,1600 ,1159000 ,1140 ,932000 ,1490 ,1561000 ,,,,,,,,,,,,
48,48029,Red Deer--Mountain View,25310,10260000 ,23250 ,8698000 ,1030 ,720000 ,600 ,456000 ,430 ,386000 ,,,,,,,,,,,,
48,48030,Red Deer--Lacombe,30060,13227000 ,26350 ,10108000 ,1700 ,1273000 ,1050 ,839000 ,970 ,1008000 ,,,,,,,,,,,,
48,48031,St. Albert--Edmonton,23500,9586000 ,21140 ,7759000 ,1050 ,728000 ,730 ,562000 ,570 ,537000 ,,,,,,,,,,,,
48,48032,Sherwood Park--Fort Saskatchewan,19890,7688000 ,18600 ,6728000 ,730 ,515000 ,380 ,284000 ,190 ,162000 ,,,,,,,,,,,,
48,48033,Sturgeon River--Parkland,22680,9360000 ,20640 ,7742000 ,1040 ,754000 ,560 ,445000 ,430 ,419000 ,,,,,,,,,,,,
48,48034,Yellowhead,22300,9545000 ,20080 ,7740000 ,1070 ,790000 ,660 ,516000 ,490 ,500000 ,,,,,,,,,,,,
TOTAL,,,914830,381694000 ,821570 ,308275000 ,41780 ,29318000 ,28370 ,21909000 ,23120 ,22192000 ,,,,,,,,,,,,
59,59001,Abbotsford,29980,12367000 ,27030 ,10158000 ,1370 ,960000 ,980 ,724000 ,590 ,525000 ,,,,,,,,,,,,
59,59002,Burnaby North--Seymour,30150,11852000 ,28160 ,10393000 ,1100 ,748000 ,680 ,515000 ,220 ,196000 ,,,,,,,,,,,,
59,59003,Burnaby South,39770,15955000 ,36680 ,13720000 ,1700 ,1152000 ,1100 ,833000 ,280 ,250000 ,,,,,,,,,,,,
59,59004,Cariboo--Prince George,30230,12537000 ,27520 ,10397000 ,1430 ,1022000 ,790 ,641000 ,500 ,477000 ,,,,,,,,,,,,
59,59005,Central Okanagan--Similkameen--Nicola,33620,13611000 ,31400 ,11882000 ,1140 ,814000 ,700 ,555000 ,380 ,360000 ,,,,,,,,,,,,
59,59006,Chilliwack--Hope,29140,12133000 ,26410 ,9981000 ,1320 ,955000 ,830 ,654000 ,590 ,544000 ,,,,,,,,,,,,
59,59007,Cloverdale--Langley City,28450,11549000 ,25700 ,9499000 ,1330 ,924000 ,970 ,721000 ,450 ,404000 ,,,,,,,,,,,,
59,59008,Coquitlam--Port Coquitlam,34660,14060000 ,31250 ,11561000 ,1860 ,1262000 ,1190 ,894000 ,370 ,342000 ,,,,,,,,,,,,
59,59009,Courtenay--Alberni,35470,14560000 ,32720 ,12437000 ,1440 ,1032000 ,820 ,637000 ,480 ,454000 ,,,,,,,,,,,,
59,59010,Cowichan--Malahat--Langford,30550,12545000 ,28000 ,10560000 ,1290 ,920000 ,770 ,592000 ,490 ,474000 ,,,,,,,,,,,,
59,59011,Delta,26940,10610000 ,24810 ,9054000 ,1020 ,689000 ,770 ,557000 ,340 ,310000 ,,,,,,,,,,,,
59,59012,Fleetwood--Port Kells,36700,15193000 ,32560 ,12138000 ,1830 ,1244000 ,1620 ,1190000 ,690 ,622000 ,,,,,,,,,,,,
59,59013,Kamloops--Thompson--Cariboo,35800,14391000 ,33300 ,12480000 ,1400 ,1010000 ,710 ,545000 ,390 ,356000 ,,,,,,,,,,,,
59,59014,Kelowna--Lake Country,32770,13005000 ,30610 ,11370000 ,1150 ,817000 ,660 ,499000 ,360 ,319000 ,,,,,,,,,,,,
59,59015,Kootenay--Columbia,30710,12474000 ,28370 ,10683000 ,1240 ,882000 ,740 ,550000 ,370 ,359000 ,,,,,,,,,,,,
59,59016,Langley--Aldergrove,27280,10922000 ,24920 ,9150000 ,1100 ,780000 ,850 ,642000 ,410 ,351000 ,,,,,,,,,,,,
59,59017,Mission--Matsqui--Fraser Canyon,27990,11847000 ,24900 ,9490000 ,1370 ,988000 ,1090 ,819000 ,630 ,550000 ,,,,,,,,,,,,
59,59018,Nanaimo--Ladysmith,36850,14967000 ,34030 ,12791000 ,1520 ,1087000 ,830 ,643000 ,490 ,446000 ,,,,,,,,,,,,
59,59019,New Westminster--Burnaby,37020,14719000 ,34230 ,12674000 ,1440 ,960000 ,950 ,707000 ,400 ,378000 ,,,,,,,,,,,,
59,59020,North Okanagan--Shuswap,38480,15715000 ,35590 ,13489000 ,1450 ,1044000 ,880 ,669000 ,570 ,513000 ,,,,,,,,,,,,
59,59021,North Vancouver,30750,11932000 ,28690 ,10450000 ,1220 ,823000 ,700 ,522000 ,150 ,137000 ,,,,,,,,,,,,
59,59022,Pitt Meadows--Maple Ridge,25300,10024000 ,23440 ,8657000 ,1010 ,695000 ,570 ,431000 ,280 ,242000 ,,,,,,,,,,,,
59,59023,Port Moody--Coquitlam,30290,12136000 ,27750 ,10210000 ,1410 ,1009000 ,800 ,610000 ,330 ,306000 ,,,,,,,,,,,,
59,59024,Prince George--Peace River--Northern Rockies,24780,10194000 ,22450 ,8313000 ,1180 ,861000 ,650 ,515000 ,500 ,505000 ,,,,,,,,,,,,
59,59025,Richmond Centre,35660,14739000 ,32400 ,12358000 ,1830 ,1239000 ,1120 ,861000 ,300 ,280000 ,,,,,,,,,,,,
59,59026,Esquimalt--Saanich--Sooke,29020,11442000 ,27040 ,9976000 ,1070 ,733000 ,630 ,469000 ,290 ,263000 ,,,,,,,,,,,,
59,59027,Saanich--Gulf Islands,27100,10492000 ,25460 ,9267000 ,840 ,578000 ,520 ,394000 ,290 ,253000 ,,,,,,,,,,,,
59,59028,Skeena--Bulkley Valley,25660,11283000 ,22400 ,8603000 ,1540 ,1130000 ,940 ,774000 ,780 ,776000 ,,,,,,,,,,,,
59,59029,South Okanagan--West Kootenay,37850,15246000 ,35390 ,13382000 ,1350 ,959000 ,740 ,580000 ,360 ,325000 ,,,,,,,,,,,,
59,59030,South Surrey--White Rock,25580,10077000 ,23670 ,8651000 ,1030 ,719000 ,670 ,516000 ,210 ,191000 ,,,,,,,,,,,,
59,59031,Steveston--Richmond East,35170,14393000 ,32190 ,12210000 ,1600 ,1062000 ,1050 ,801000 ,340 ,320000 ,,,,,,,,,,,,
59,59032,Surrey Centre,44340,18876000 ,39240 ,15009000 ,2240 ,1532000 ,1760 ,1317000 ,1100 ,1017000 ,,,,,,,,,,,,
59,59033,Surrey--Newton,37090,15928000 ,31950 ,12128000 ,2110 ,1428000 ,2010 ,1453000 ,1010 ,919000 ,,,,,,,,,,,,
59,59034,Vancouver Centre,38810,14571000 ,37770 ,13824000 ,660 ,449000 ,310 ,238000 ,70 ,60000 ,,,,,,,,,,,,
59,59035,Vancouver East,44370,17686000 ,42110 ,15976000 ,1210 ,842000 ,740 ,574000 ,310 ,294000 ,,,,,,,,,,,,
59,59036,Vancouver Granville,30660,11777000 ,29090 ,10652000 ,960 ,641000 ,470 ,354000 ,150 ,130000 ,,,,,,,,,,,,
59,59037,North Island--Powell River,30030,12309000 ,27610 ,10424000 ,1240 ,887000 ,720 ,565000 ,450 ,432000 ,,,,,,,,,,,,
59,59038,Vancouver Kingsway,38990,15653000 ,36220 ,13647000 ,1460 ,992000 ,1000 ,749000 ,310 ,265000 ,,,,,,,,,,,,
59,59039,Vancouver Quadra,27800,10603000 ,26080 ,9350000 ,1030 ,702000 ,540 ,408000 ,160 ,143000 ,,,,,,,,,,,,
59,59040,Vancouver South,37970,15464000 ,34650 ,13044000 ,1670 ,1113000 ,1210 ,900000 ,450 ,407000 ,,,,,,,,,,,,
59,59041,Victoria,40800,15728000 ,38990 ,14378000 ,1020 ,702000 ,560 ,415000 ,240 ,233000 ,,,,,,,,,,,,
59,59042,West Vancouver--Sunshine Coast--Sea to Sky Country,33170,13339000 ,30680 ,11442000 ,1330 ,938000 ,850 ,670000 ,310 ,288000 ,,,,,,,,,,,,
TOTAL,,,1383740,558904000 ,1273420 ,475859000 ,56500 ,39323000 ,36440 ,27703000 ,17380 ,16019000 ,,,,,,,,,,,,
60,60001,Yukon,9050,3760000 ,8440 ,3290000 ,350 ,248000 ,180 ,146000 ,80 ,76000 ,,,,,,,,,,,,
TOTAL,,,9050,3760000 ,8440 ,3290000 ,350 ,248000 ,180 ,146000 ,80 ,76000 ,,,,,,,,,,,,
61,61001,Northwest Territories,10730,4472000 ,9590 ,3563000 ,540 ,392000 ,320 ,258000 ,280 ,260000 ,,,,,,,,,,,,
TOTAL,,,10730,4472000 ,9590 ,3563000 ,540 ,392000 ,320 ,258000 ,280 ,260000 ,,,,,,,,,,,,
62,62001,Nunavut,8530,4381000 ,6150 ,2360000 ,830 ,599000 ,660 ,536000 ,890 ,885000 ,,,,,,,,,,,,
TOTAL,,,8530,4381000 ,6150 ,2360000 ,830 ,599000 ,660 ,536000 ,890 ,885000 ,,,,,,,,,,,,
TOTAL,,,10411350,4267809000 ,9448480 ,3526488000 ,457510 ,317720000 ,305840 ,234969000 ,199520 ,188633000 ,,,,,,,,,,,,
