Prov/Terr,FED ID,Federal Electoral Districts,Employment Income #,Employment Income $,Pension Income #,Pension Income $,Investment Income #,Investment Income $,Self-employment Income #,Self-employment Income $,Benefits Income #,Benefits Income $,Other Income #,Other Income $,,,,,,,,,,
10,10001,Avalon,48360,2381240000 ,25040 ,474038000 ,13760 ,91568000 ,4790 ,125391000 ,34750 ,263826000 ,12150 ,96978000 ,,,,,,,,,,
10,10002,Bonavista--Burin--Trinity,37990,1529205000 ,27200 ,422538000 ,9530 ,51514000 ,4870 ,91039000 ,39410 ,327445000 ,8770 ,65350000 ,,,,,,,,,,
10,10003,Coast of Bays--Central--Notre Dame,39340,1519872000 ,27810 ,484286000 ,11170 ,78324000 ,4440 ,87846000 ,37910 ,298034000 ,9830 ,77128000 ,,,,,,,,,,
10,10004,Labrador,16090,938094000 ,5000 ,93062000 ,3650 ,40292000 ,1180 ,34884000 ,8960 ,64897000 ,3850 ,30217000 ,,,,,,,,,,
10,10005,Long Range Mountains,45550,1702433000 ,30920 ,552861000 ,12120 ,74607000 ,4630 ,88354000 ,42220 ,352248000 ,11060 ,77828000 ,,,,,,,,,,
10,10006,St. John's East,47310,2587740000 ,20130 ,557931000 ,18000 ,271481000 ,4660 ,155356000 ,21690 ,135775000 ,12960 ,116297000 ,,,,,,,,,,
10,10007,St. John's South--Mount Pearl,46980,2257466000 ,21400 ,488687000 ,14850 ,133317000 ,3710 ,91678000 ,24410 ,164997000 ,11690 ,93099000 ,,,,,,,,,,
TOTAL,,,281620,12916051000 ,157500 ,3073402000 ,83070 ,741103000 ,28280 ,674548000 ,209350 ,1607222000 ,70300 ,556896000 ,,,,,,,,,,
11,11001,Cardigan,20050,711931000 ,10510 ,216538000 ,7230 ,73737000 ,3750 ,66225000 ,13120 ,97489000 ,5140 ,37765000 ,,,,,,,,,,
11,11002,Charlottetown,18950,698117000 ,10180 ,248860000 ,7680 ,94106000 ,2040 ,31794000 ,9930 ,60428000 ,5120 ,36055000 ,,,,,,,,,,
11,11003,Egmont,19850,632482000 ,11120 ,200486000 ,6420 ,50742000 ,3490 ,59307000 ,14950 ,116276000 ,4580 ,28996000 ,,,,,,,,,,
11,11004,Malpeque,19570,715447000 ,9420 ,197934000 ,7280 ,74208000 ,3370 ,44335000 ,10700 ,67786000 ,5190 ,38386000 ,,,,,,,,,,
TOTAL,,,78420,2757977000 ,41230 ,863818000 ,28620 ,292793000 ,12640 ,201661000 ,48690 ,341980000 ,20020 ,141202000 ,,,,,,,,,,
12,12001,Cape Breton--Canso,34530,1252563000 ,25660 ,510753000 ,11650 ,105529000 ,3540 ,70213000 ,28500 ,212723000 ,9510 ,66577000 ,,,,,,,,,,
12,12002,Central Nova,36480,1353197000 ,24520 ,536347000 ,13930 ,157467000 ,4530 ,62272000 ,23620 ,149122000 ,11140 ,94809000 ,,,,,,,,,,
12,12003,Cumberland--Colchester,39450,1410024000 ,26690 ,565157000 ,14960 ,148342000 ,5340 ,61737000 ,25480 ,141854000 ,11050 ,75610000 ,,,,,,,,,,
12,12004,Dartmouth--Cole Harbour,49800,2128522000 ,25110 ,698129000 ,18950 ,197058000 ,4720 ,70574000 ,20540 ,109412000 ,15260 ,120596000 ,,,,,,,,,,
12,12005,Halifax,46660,2112210000 ,20800 ,574796000 ,21590 ,574640000 ,6270 ,133285000 ,17800 ,96932000 ,14820 ,126214000 ,,,,,,,,,,
12,12006,Halifax West,50400,2392099000 ,21340 ,612543000 ,21550 ,358279000 ,6030 ,105142000 ,18950 ,91535000 ,16110 ,138383000 ,,,,,,,,,,
12,12007,Kings--Hants,43150,1636008000 ,25740 ,565546000 ,16670 ,212572000 ,5700 ,64535000 ,24790 ,132216000 ,13050 ,88887000 ,,,,,,,,,,
12,12008,Sackville--Preston--Chezzetcook,50170,2246551000 ,21410 ,527942000 ,15380 ,155951000 ,5040 ,66683000 ,20470 ,102012000 ,13860 ,103727000 ,,,,,,,,,,
12,12009,South Shore--St. Margarets,45890,1747327000 ,32840 ,726676000 ,22000 ,258534000 ,8390 ,152778000 ,30580 ,182191000 ,15170 ,117916000 ,,,,,,,,,,
12,12010,Sydney--Victoria,35090,1192978000 ,25230 ,509427000 ,11390 ,92400000 ,2950 ,55016000 ,30070 ,232174000 ,9140 ,65808000 ,,,,,,,,,,
12,12011,West Nova,41050,1359095000 ,29650 ,594532000 ,16240 ,157674000 ,6660 ,83519000 ,30160 ,181446000 ,11200 ,71855000 ,,,,,,,,,,
TOTAL,,,472670,18830575000 ,278980 ,6421848000 ,184300 ,2418445000 ,59150 ,925754000 ,270940 ,1631619000 ,140290 ,1070382000 ,,,,,,,,,,
13,13001,Acadie--Bathurst,41220,1361349000 ,28300 ,481627000 ,10690 ,80697000 ,3990 ,77558000 ,38790 ,308913000 ,9550 ,81253000 ,,,,,,,,,,
13,13002,Beauséjour,45730,1729397000 ,25660 ,518042000 ,13760 ,140817000 ,5460 ,73569000 ,29920 ,202726000 ,11360 ,82904000 ,,,,,,,,,,
13,13003,Fredericton,42560,1817088000 ,20870 ,587419000 ,16150 ,163821000 ,4430 ,70394000 ,18320 ,93508000 ,13230 ,87909000 ,,,,,,,,,,
13,13004,Fundy Royal,43350,1848690000 ,22070 ,491590000 ,15420 ,131702000 ,4860 ,69034000 ,22870 ,122841000 ,12950 ,97083000 ,,,,,,,,,,
13,13005,Madawaska--Restigouche,31380,1055017000 ,21700 ,405071000 ,8640 ,68696000 ,3000 ,38403000 ,25360 ,166101000 ,6980 ,50962000 ,,,,,,,,,,
13,13006,Miramichi--Grand Lake,28100,923629000 ,19550 ,355535000 ,7800 ,54665000 ,2690 ,33709000 ,25510 ,192703000 ,6850 ,49545000 ,,,,,,,,,,
13,13007,Moncton--Riverview--Dieppe,50080,1936121000 ,24810 ,605204000 ,17180 ,164766000 ,4950 ,77344000 ,24510 ,132441000 ,13660 ,93522000 ,,,,,,,,,,
13,13008,New Brunswick Southwest,34000,1353760000 ,19260 ,428596000 ,11640 ,99246000 ,4860 ,78755000 ,20500 ,117233000 ,9890 ,66509000 ,,,,,,,,,,
13,13009,Saint John--Rothesay,41230,1678146000 ,21760 ,511565000 ,14420 ,162078000 ,3110 ,54379000 ,22420 ,128781000 ,12330 ,87563000 ,,,,,,,,,,
13,13010,Tobique--Mactaquac,35400,1284990000 ,19910 ,371018000 ,11320 ,105321000 ,4660 ,56242000 ,23670 ,136576000 ,9150 ,60812000 ,,,,,,,,,,
TOTAL,,,393020,14988187000 ,223890 ,4755667000 ,127030 ,1171810000 ,42010 ,629387000 ,251860 ,1601823000 ,105950 ,758061000 ,,,,,,,,,,
24,24001,Abitibi--Baie-James--Nunavik--Eeyou,39620,1713338000 ,15220 ,268218000 ,12640 ,126409000 ,3030 ,60309000 ,26330 ,176807000 ,16100 ,87867000 ,,,,,,,,,,
24,24002,Abitibi--Témiscamingue,55170,2297345000 ,28110 ,547795000 ,21730 ,192666000 ,5870 ,101337000 ,36270 ,234707000 ,15300 ,109027000 ,,,,,,,,,,
24,24003,Ahuntsic-Cartierville,54300,2179102000 ,25660 ,592518000 ,29330 ,359729000 ,8470 ,184139000 ,33220 ,197344000 ,16980 ,109844000 ,,,,,,,,,,
24,24004,Alfred-Pellan,54050,2324906000 ,24430 ,599813000 ,26150 ,322398000 ,7110 ,139981000 ,26170 ,138742000 ,16860 ,106602000 ,,,,,,,,,,
24,24005,Argenteuil--La Petite-Nation,47290,1724237000 ,29810 ,651264000 ,19740 ,179507000 ,8330 ,113987000 ,32000 ,191060000 ,14940 ,118229000 ,,,,,,,,,,
24,24006,Avignon--La Mitis--Matane--Matapédia,35030,1120617000 ,25100 ,430515000 ,13800 ,90377000 ,5220 ,53909000 ,32410 ,221430000 ,10240 ,56081000 ,,,,,,,,,,
24,24007,Beauce,57740,2033121000 ,30110 ,557004000 ,28210 ,332446000 ,11560 ,114447000 ,37240 ,200282000 ,17040 ,86783000 ,,,,,,,,,,
24,24008,Beauport--Limoilou,48990,1766792000 ,28180 ,633004000 ,20160 ,121604000 ,6000 ,80400000 ,30200 ,177646000 ,14100 ,87920000 ,,,,,,,,,,
24,24009,Bécancour--Nicolet--Saurel,45660,1676237000 ,32190 ,664907000 ,23280 ,195881000 ,6740 ,93620000 ,32980 ,185135000 ,15350 ,96137000 ,,,,,,,,,,
24,24010,Bellechasse--Les Etchemins--Lévis,61860,2422599000 ,35720 ,808046000 ,30550 ,315144000 ,9460 ,138445000 ,35040 ,189117000 ,19390 ,120663000 ,,,,,,,,,,
24,24011,Beloeil--Chambly,65780,3077837000 ,28100 ,709933000 ,28870 ,383970000 ,9380 ,183613000 ,31020 ,168455000 ,20850 ,147081000 ,,,,,,,,,,
24,24012,Berthier--Maskinongé,50580,1735484000 ,32380 ,623799000 ,22780 ,219996000 ,7730 ,104394000 ,37880 ,222886000 ,15370 ,103670000 ,,,,,,,,,,
24,24013,Thérèse-De Blainville,55550,2736055000 ,22500 ,555321000 ,24550 ,399396000 ,7690 ,191619000 ,26310 ,133819000 ,17770 ,141054000 ,,,,,,,,,,
24,24014,Pierre-Boucher--Les Patriotes--Verchères,57220,2911027000 ,25970 ,747258000 ,28400 ,377299000 ,8010 ,200926000 ,24500 ,126864000 ,19020 ,171456000 ,,,,,,,,,,
24,24015,Bourassa,43670,1301312000 ,23730 ,436679000 ,18890 ,117218000 ,5340 ,60762000 ,34750 ,206969000 ,11620 ,52894000 ,,,,,,,,,,
24,24016,Brome--Missisquoi,50210,1858527000 ,34690 ,813778000 ,27040 ,381377000 ,10430 ,169634000 ,31570 ,170282000 ,18420 ,143647000 ,,,,,,,,,,
24,24017,Brossard--Saint-Lambert,53350,2668204000 ,28390 ,818691000 ,33130 ,456709000 ,8950 ,249849000 ,24990 ,134914000 ,20750 ,174284000 ,,,,,,,,,,
24,24018,Rimouski-Neigette--Témiscouata--Les Basques,43730,1515036000 ,29510 ,617755000 ,19590 ,174429000 ,6780 ,93640000 ,32170 ,196922000 ,13520 ,78685000 ,,,,,,,,,,
24,24019,Charlesbourg--Haute-Saint-Charles,58460,2381047000 ,30290 ,788861000 ,24070 ,164401000 ,6590 ,104052000 ,28730 ,152686000 ,17880 ,109338000 ,,,,,,,,,,
24,24020,Beauport--Côte-de-Beaupré--Île d'Orléans--Charlevoix,52360,2020523000 ,29300 ,662720000 ,23160 ,200012000 ,7000 ,116612000 ,30600 ,176572000 ,15940 ,121651000 ,,,,,,,,,,
24,24021,Châteauguay--Lacolle,53980,2063043000 ,23550 ,507288000 ,20670 ,197819000 ,6840 ,96267000 ,28670 ,157810000 ,15280 ,97524000 ,,,,,,,,,,
24,24022,Chicoutimi--Le Fjord,42290,1590974000 ,26580 ,625526000 ,17420 ,137596000 ,4230 ,101004000 ,27300 ,160871000 ,14090 ,104516000 ,,,,,,,,,,
24,24023,Compton--Stanstead,54440,2039421000 ,27420 ,581283000 ,24130 ,266474000 ,11270 ,148678000 ,32430 ,174531000 ,17480 ,111178000 ,,,,,,,,,,
24,24024,Dorval--Lachine--LaSalle,55430,2183350000 ,25740 ,561983000 ,27150 ,235667000 ,7090 ,113792000 ,31770 ,183424000 ,17180 ,112787000 ,,,,,,,,,,
24,24025,Drummond,52840,1848599000 ,28410 ,533591000 ,21380 ,255997000 ,6880 ,95629000 ,36550 ,198787000 ,15540 ,83742000 ,,,,,,,,,,
24,24026,Gaspésie--Les Îles-de-la-Madeleine,39160,1184986000 ,28660 ,496522000 ,12590 ,95386000 ,4770 ,100208000 ,38680 ,319149000 ,9860 ,59118000 ,,,,,,,,,,
24,24027,Gatineau,55470,2402439000 ,27020 ,732146000 ,19000 ,167784000 ,6920 ,107098000 ,27890 ,160100000 ,16160 ,110672000 ,,,,,,,,,,
24,24028,Hochelaga,53050,1972336000 ,22770 ,502180000 ,23090 ,176121000 ,7940 ,122191000 ,31110 ,195750000 ,14450 ,81479000 ,,,,,,,,,,
24,24029,Honoré-Mercier,51730,1980909000 ,27480 ,593504000 ,26620 ,200200000 ,5940 ,87161000 ,30690 ,170711000 ,15840 ,87343000 ,,,,,,,,,,
24,24030,Hull--Aylmer,51580,2383945000 ,23540 ,694592000 ,20400 ,186722000 ,7130 ,139379000 ,25060 ,145079000 ,16250 ,119472000 ,,,,,,,,,,
24,24031,Joliette,47980,1648659000 ,34280 ,732050000 ,23110 ,235756000 ,6970 ,111944000 ,36030 ,213224000 ,15620 ,105176000 ,,,,,,,,,,
24,24032,Jonquière,49000,1838554000 ,27040 ,652794000 ,18150 ,111435000 ,4670 ,73563000 ,31090 ,192823000 ,15510 ,103201000 ,,,,,,,,,,
24,24033,La Pointe-de-l'Île,55290,2126177000 ,27400 ,602199000 ,22740 ,114722000 ,5420 ,74750000 ,32340 ,193249000 ,15530 ,88863000 ,,,,,,,,,,
24,24034,La Prairie,61100,3005445000 ,21820 ,508932000 ,23670 ,255937000 ,6830 ,141880000 ,28840 ,148820000 ,18020 ,137191000 ,,,,,,,,,,
24,24035,Lac-Saint-Jean,53480,1873640000 ,33160 ,664840000 ,21830 ,175059000 ,6830 ,95314000 ,40630 ,251972000 ,16780 ,103325000 ,,,,,,,,,,
24,24036,Lac-Saint-Louis,56570,3219621000 ,24660 ,744323000 ,35220 ,631810000 ,8660 ,236211000 ,21700 ,106015000 ,22290 ,205631000 ,,,,,,,,,,
24,24037,LaSalle--Émard--Verdun,53950,2049322000 ,23900 ,482131000 ,25100 ,156848000 ,7160 ,102595000 ,31570 ,191501000 ,14750 ,81052000 ,,,,,,,,,,
24,24038,Laurentides--Labelle,54090,1830038000 ,41350 ,934609000 ,29270 ,401787000 ,11310 ,181748000 ,38610 ,224791000 ,19110 ,152152000 ,,,,,,,,,,
24,24039,Laurier--Sainte-Marie,57500,2487276000 ,17390 ,337688000 ,23260 ,276514000 ,13200 ,252410000 ,26400 ,180754000 ,14580 ,97353000 ,,,,,,,,,,
24,24040,Laval--Les Îles,55030,2388326000 ,23010 ,490757000 ,25240 ,325563000 ,8320 ,138142000 ,29630 ,158712000 ,16620 ,109458000 ,,,,,,,,,,
24,24041,Longueuil--Charles-LeMoyne,54700,1925269000 ,25770 ,539576000 ,19640 ,103810000 ,6720 ,82384000 ,32490 ,187415000 ,14830 ,83288000 ,,,,,,,,,,
24,24042,Lévis--Lotbinière,65120,2811162000 ,26490 ,616680000 ,27770 ,259876000 ,9320 ,148487000 ,32260 ,173298000 ,19550 ,113467000 ,,,,,,,,,,
24,24043,Longueuil--Saint-Hubert,57200,2450339000 ,28850 ,712709000 ,24920 ,238756000 ,7490 ,142142000 ,30670 ,173311000 ,17510 ,127333000 ,,,,,,,,,,
24,24044,Louis-Hébert,53860,2497247000 ,33070 ,1140878000 ,33700 ,595269000 ,8550 ,310668000 ,20490 ,105379000 ,21370 ,155564000 ,,,,,,,,,,
24,24045,Louis-Saint-Laurent,66200,2883438000 ,30980 ,810234000 ,27150 ,227191000 ,7100 ,138293000 ,29600 ,157426000 ,19720 ,131446000 ,,,,,,,,,,
24,24046,Manicouagan,48750,2115332000 ,25310 ,538569000 ,15190 ,94971000 ,3900 ,67587000 ,33270 ,224469000 ,13100 ,85885000 ,,,,,,,,,,
24,24047,Mégantic--L'Érable,42730,1376109000 ,30310 ,562723000 ,22910 ,182606000 ,9110 ,92187000 ,32350 ,170233000 ,13890 ,80451000 ,,,,,,,,,,
24,24048,Mirabel,65130,2697428000 ,21680 ,448814000 ,22140 ,199889000 ,9240 ,130536000 ,34500 ,195125000 ,18450 ,119779000 ,,,,,,,,,,
24,24049,Montarville,55490,2902837000 ,23010 ,648623000 ,25810 ,323943000 ,7000 ,162670000 ,22490 ,112516000 ,17410 ,155565000 ,,,,,,,,,,
24,24050,Montcalm,57270,2198341000 ,23570 ,454729000 ,19250 ,152532000 ,7750 ,103735000 ,35390 ,211869000 ,16030 ,95283000 ,,,,,,,,,,
24,24051,Montmagny--L'Islet--Kamouraska--Rivière-du-Loup,49900,1662480000 ,32540 ,621228000 ,23830 ,172927000 ,8220 ,103040000 ,35860 ,202407000 ,14560 ,78215000 ,,,,,,,,,,
24,24052,Mount Royal,46520,2330708000 ,22500 ,603798000 ,31100 ,1124435000 ,10200 ,444180000 ,24570 ,139070000 ,18510 ,175217000 ,,,,,,,,,,
24,24053,Notre-Dame-de-Grâce--Westmount,48880,3060187000 ,21820 ,695789000 ,33210 ,1555467000 ,11810 ,515083000 ,21420 ,117692000 ,20170 ,236932000 ,,,,,,,,,,
24,24054,Outremont,45470,2118730000 ,16430 ,465557000 ,24170 ,597971000 ,11620 ,375681000 ,21070 ,126319000 ,15340 ,137066000 ,,,,,,,,,,
24,24055,Papineau,53600,1779479000 ,19130 ,292350000 ,21440 ,131177000 ,9180 ,128243000 ,34370 ,209828000 ,12620 ,62030000 ,,,,,,,,,,
24,24056,Pierrefonds--Dollard,56090,2499635000 ,24200 ,572015000 ,28650 ,351144000 ,8220 ,184930000 ,25850 ,140247000 ,18960 ,136531000 ,,,,,,,,,,
24,24057,Pontiac,57490,2725383000 ,26140 ,644224000 ,21640 ,212553000 ,9870 ,157520000 ,32690 ,200000000 ,17200 ,130959000 ,,,,,,,,,,
24,24058,Portneuf--Jacques-Cartier,63050,2777134000 ,29280 ,688777000 ,27220 ,331987000 ,9060 ,171250000 ,33320 ,188461000 ,19950 ,146976000 ,,,,,,,,,,
24,24059,Québec,48370,1847871000 ,29460 ,777567000 ,23840 ,261387000 ,7390 ,134254000 ,26260 ,155319000 ,15420 ,102596000 ,,,,,,,,,,
24,24060,Repentigny,63830,2696146000 ,30760 ,766104000 ,25360 ,233203000 ,7720 ,134393000 ,32000 ,177708000 ,20440 ,145729000 ,,,,,,,,,,
24,24061,Richmond--Arthabaska,53710,1870947000 ,32560 ,634888000 ,25540 ,247997000 ,9140 ,110192000 ,37840 ,204879000 ,17020 ,98696000 ,,,,,,,,,,
24,24062,Rivière-des-Mille-Îles,58380,2548114000 ,24770 ,583088000 ,23300 ,270979000 ,7710 ,133678000 ,28120 ,150466000 ,17840 ,139419000 ,,,,,,,,,,
24,24063,Rivière-du-Nord,57200,2124379000 ,30270 ,645922000 ,22070 ,187604000 ,8130 ,120809000 ,36390 ,211183000 ,17190 ,118811000 ,,,,,,,,,,
24,24064,Rosemont--La Petite-Patrie,58960,2444389000 ,19140 ,369953000 ,25460 ,196891000 ,12120 ,195002000 ,29710 ,186675000 ,14790 ,86523000 ,,,,,,,,,,
24,24065,Marc-Aurèle-Fortin,57280,2602203000 ,19690 ,463990000 ,22290 ,212985000 ,6860 ,117193000 ,25620 ,134719000 ,16410 ,109247000 ,,,,,,,,,,
24,24066,Saint-Hyacinthe--Bagot,52720,1844726000 ,27930 ,546772000 ,24290 ,265109000 ,8040 ,117892000 ,33370 ,179828000 ,16410 ,92469000 ,,,,,,,,,,
24,24067,Saint-Jean,58810,2306180000 ,29480 ,636578000 ,23830 ,277615000 ,7830 ,126960000 ,34270 ,189400000 ,17370 ,102955000 ,,,,,,,,,,
24,24068,Saint-Laurent,45850,1934055000 ,19080 ,395036000 ,24760 ,347504000 ,7340 ,185518000 ,27520 ,159245000 ,14890 ,89719000 ,,,,,,,,,,
24,24069,Saint-Léonard--Saint-Michel,49570,1549780000 ,24710 ,441227000 ,25350 ,215376000 ,6460 ,83203000 ,36990 ,212763000 ,13380 ,59999000 ,,,,,,,,,,
24,24070,Saint-Maurice--Champlain,52200,1746071000 ,39310 ,829826000 ,25320 ,177320000 ,6450 ,88328000 ,41690 ,245666000 ,17200 ,117132000 ,,,,,,,,,,
24,24071,Salaberry--Suroît,57600,2066036000 ,32990 ,684716000 ,24790 ,232198000 ,8120 ,117520000 ,37350 ,215529000 ,17260 ,105328000 ,,,,,,,,,,
24,24072,Shefford,58400,2109286000 ,31020 ,630013000 ,25580 ,252761000 ,8720 ,119588000 ,35810 ,192185000 ,18020 ,128479000 ,,,,,,,,,,
24,24073,Sherbrooke,53050,1859606000 ,30880 ,702951000 ,23870 ,239264000 ,7700 ,148334000 ,35250 ,203223000 ,17680 ,106928000 ,,,,,,,,,,
24,24074,Vaudreuil--Soulanges,64230,3053339000 ,24630 ,602453000 ,27020 ,341496000 ,9180 ,164286000 ,28900 ,149848000 ,20870 ,191779000 ,,,,,,,,,,
24,24075,Terrebonne,62350,2724270000 ,22120 ,481671000 ,20950 ,225612000 ,7640 ,121170000 ,31970 ,179442000 ,17680 ,113742000 ,,,,,,,,,,
24,24076,Trois-Rivières,52750,1923061000 ,36920 ,858916000 ,26340 ,234034000 ,6200 ,108368000 ,36750 ,207954000 ,18320 ,136037000 ,,,,,,,,,,
24,24077,Ville-Marie--Le Sud-Ouest--Île-des-Soeurs,53860,3118832000 ,27270 ,673422000 ,32010 ,1061567000 ,11040 ,375924000 ,34510 ,254114000 ,21830 ,238464000 ,,,,,,,,,,
24,24078,Vimy,53880,1955541000 ,29570 ,673945000 ,25400 ,220441000 ,7610 ,112273000 ,32760 ,187993000 ,16590 ,98726000 ,,,,,,,,,,
TOTAL,,,4184990,170716472000 ,2118150 ,47963127000 ,1883160 ,22274014000 ,613810 ,11349141000 ,2447100 ,14163911000 ,1304100 ,9008910000 ,,,,,,,,,,
35,35001,Ajax,64110,3156931000 ,18370 ,413011000 ,25130 ,159799000 ,9370 ,137793000 ,26710 ,151079000 ,20540 ,159886000 ,,,,,,,,,,
35,35002,Algoma--Manitoulin--Kapuskasing,36480,1434913000 ,27680 ,650748000 ,18070 ,127313000 ,4910 ,53772000 ,26080 ,181012000 ,11890 ,90285000 ,,,,,,,,,,
35,35003,Aurora--Oak Ridges--Richmond Hill,59190,3540277000 ,15160 ,320259000 ,36980 ,500715000 ,13360 ,247814000 ,23890 ,121241000 ,19720 ,150721000 ,,,,,,,,,,
35,35004,Barrie--Innisfil,58700,2793161000 ,20560 ,493682000 ,22010 ,197726000 ,8960 ,145642000 ,25070 ,131980000 ,18360 ,122144000 ,,,,,,,,,,
35,35005,Barrie--Springwater--Oro-Medonte,50970,2274437000 ,22270 ,587657000 ,23510 ,303438000 ,8380 ,141292000 ,22030 ,127292000 ,16670 ,123392000 ,,,,,,,,,,
35,35006,Bay of Quinte,52710,2017545000 ,35210 ,939291000 ,27430 ,259421000 ,8110 ,117489000 ,29290 ,187061000 ,18500 ,138370000 ,,,,,,,,,,
35,35007,Beaches--East York,52620,3203472000 ,18200 ,442276000 ,27700 ,331225000 ,10690 ,285250000 ,25460 ,166054000 ,16880 ,171532000 ,,,,,,,,,,
35,35008,Brampton Centre,54820,2108586000 ,17570 ,360066000 ,18160 ,90948000 ,7480 ,87514000 ,25590 ,155530000 ,15010 ,83112000 ,,,,,,,,,,
35,35009,Brampton East,63990,2481139000 ,12830 ,121199000 ,23140 ,168340000 ,11160 ,142545000 ,31070 ,187854000 ,16800 ,70158000 ,,,,,,,,,,
35,35010,Brampton North,65210,2672806000 ,17250 ,325252000 ,23470 ,139134000 ,9450 ,115079000 ,27730 ,160524000 ,17950 ,98770000 ,,,,,,,,,,
35,35011,Brampton South,62980,2469402000 ,18420 ,351011000 ,23610 ,174362000 ,9430 ,121665000 ,28940 ,174636000 ,16880 ,95077000 ,,,,,,,,,,
35,35012,Brampton West,67940,2850718000 ,12140 ,162304000 ,21070 ,95159000 ,10120 ,114117000 ,30990 ,175859000 ,18210 ,80920000 ,,,,,,,,,,
35,35013,Brantford--Brant,65810,2728124000 ,31970 ,748917000 ,27830 ,269213000 ,8250 ,132057000 ,34000 ,208338000 ,20820 ,135373000 ,,,,,,,,,,
35,35014,Bruce--Grey--Owen Sound,50200,1939872000 ,34890 ,857914000 ,30940 ,318725000 ,12900 ,149632000 ,28200 ,159439000 ,19640 ,134761000 ,,,,,,,,,,
35,35015,Burlington,66440,3721402000 ,34190 ,1078348000 ,38510 ,728592000 ,10120 ,258407000 ,23090 ,118537000 ,25750 ,236722000 ,,,,,,,,,,
35,35016,Cambridge,61850,2838717000 ,24560 ,552333000 ,24800 ,296311000 ,7270 ,121391000 ,28670 ,164819000 ,18940 ,132497000 ,,,,,,,,,,
35,35017,Chatham-Kent--Leamington,66270,2266935000 ,33290 ,801781000 ,28560 ,312375000 ,10360 ,136111000 ,31300 ,195586000 ,20400 ,147579000 ,,,,,,,,,,
35,35018,Davenport,53800,2439199000 ,17850 ,303982000 ,25180 ,171463000 ,11840 ,199097000 ,27050 ,179114000 ,14670 ,73145000 ,,,,,,,,,,
35,35019,Don Valley East,44360,2261857000 ,19060 ,489658000 ,23050 ,347045000 ,8380 ,145735000 ,22380 ,153507000 ,14560 ,114282000 ,,,,,,,,,,
35,35020,Don Valley North,52790,2372892000 ,21980 ,567221000 ,36260 ,533113000 ,11430 ,194346000 ,22560 ,140295000 ,18650 ,132423000 ,,,,,,,,,,
35,35021,Don Valley West,47380,4950956000 ,18110 ,630971000 ,38010 ,2192114000 ,12060 ,607729000 ,18090 ,103283000 ,21170 ,333649000 ,,,,,,,,,,
35,35022,Dufferin--Caledon,71130,3746587000 ,24770 ,624860000 ,33580 ,516138000 ,12350 ,191169000 ,27760 ,141904000 ,23250 ,193454000 ,,,,,,,,,,
35,35023,Durham,70850,3528698000 ,27610 ,777067000 ,29840 ,275859000 ,10510 ,159159000 ,28140 ,146539000 ,26280 ,247666000 ,,,,,,,,,,
35,35024,Eglinton--Lawrence,55650,4291085000 ,21200 ,588303000 ,38520 ,1568130000 ,13110 ,673051000 ,23110 ,135197000 ,22270 ,263475000 ,,,,,,,,,,
35,35025,Elgin--Middlesex--London,58020,2472874000 ,29980 ,740210000 ,28330 ,318127000 ,11030 ,159130000 ,28330 ,162735000 ,21750 ,150320000 ,,,,,,,,,,
35,35026,Essex,68320,3324969000 ,32340 ,906060000 ,32970 ,385870000 ,9280 ,166108000 ,28430 ,161854000 ,27350 ,175395000 ,,,,,,,,,,
35,35027,Etobicoke Centre,58370,3482552000 ,29290 ,865010000 ,40050 ,845192000 ,11550 ,314805000 ,23910 ,139458000 ,22960 ,237578000 ,,,,,,,,,,
35,35028,Etobicoke--Lakeshore,65060,4034260000 ,25370 ,680813000 ,37830 ,683556000 ,12760 ,343607000 ,26110 ,169109000 ,22400 ,214051000 ,,,,,,,,,,
35,35029,Etobicoke North,56990,1920431000 ,19550 ,347658000 ,19960 ,120566000 ,8700 ,91187000 ,33290 ,242119000 ,14340 ,65780000 ,,,,,,,,,,
35,35030,Flamborough--Glanbrook,57350,2948749000 ,22690 ,629380000 ,27560 ,358514000 ,8970 ,159314000 ,22020 ,119130000 ,19020 ,149139000 ,,,,,,,,,,
35,35031,Glengarry--Prescott--Russell,58540,2683575000 ,30980 ,796864000 ,26060 ,292479000 ,10280 ,152992000 ,29400 ,171886000 ,18170 ,138842000 ,,,,,,,,,,
35,35032,Guelph,72460,3484113000 ,26560 ,734550000 ,34180 ,405959000 ,9560 ,167274000 ,27510 ,150817000 ,23550 ,158255000 ,,,,,,,,,,
35,35033,Haldimand--Norfolk,55380,2208251000 ,33360 ,824854000 ,28140 ,264963000 ,10190 ,129740000 ,27820 ,159529000 ,19940 ,146621000 ,,,,,,,,,,
35,35034,Haliburton--Kawartha Lakes--Brock,53150,2075194000 ,39330 ,1031817000 ,30880 ,284424000 ,11850 ,135123000 ,28460 ,162661000 ,22460 ,189660000 ,,,,,,,,,,
35,35035,Hamilton Centre,45150,1617504000 ,19890 ,402111000 ,14600 ,161255000 ,6080 ,103073000 ,30860 ,238685000 ,11740 ,82434000 ,,,,,,,,,,
35,35036,Hamilton East--Stoney Creek,55240,2205914000 ,29070 ,664485000 ,22780 ,198890000 ,6630 ,103938000 ,29100 ,186734000 ,16460 ,107154000 ,,,,,,,,,,
35,35037,Hamilton Mountain,55350,2197913000 ,25680 ,609721000 ,21290 ,122056000 ,5860 ,78369000 ,26900 ,168071000 ,16070 ,102281000 ,,,,,,,,,,
35,35038,Hamilton West--Ancaster--Dundas,56770,2896530000 ,28090 ,886468000 ,33180 ,516589000 ,9030 ,228537000 ,21340 ,115774000 ,20780 ,169805000 ,,,,,,,,,,
35,35039,Hastings--Lennox and Addington,50260,1953649000 ,33880 ,834172000 ,24820 ,202520000 ,9660 ,110997000 ,29450 ,183886000 ,18080 ,143034000 ,,,,,,,,,,
35,35040,Huron--Bruce,51280,2290777000 ,31730 ,866051000 ,33280 ,378917000 ,12690 ,173543000 ,23780 ,130996000 ,21200 ,185382000 ,,,,,,,,,,
35,35041,Kanata--Carleton,58510,3526890000 ,21150 ,727914000 ,30150 ,394404000 ,8310 ,161455000 ,20730 ,103103000 ,20720 ,173987000 ,,,,,,,,,,
35,35042,Kenora,25110,1088343000 ,13380 ,331048000 ,12650 ,100696000 ,2960 ,49321000 ,17430 ,112389000 ,8470 ,62010000 ,,,,,,,,,,
35,35043,King--Vaughan,68230,4025892000 ,17510 ,362200000 ,38550 ,743360000 ,13480 ,270835000 ,28780 ,155113000 ,21740 ,153018000 ,,,,,,,,,,
35,35044,Kingston and the Islands,58380,2485022000 ,30950 ,1002326000 ,29970 ,423721000 ,7530 ,145634000 ,25800 ,164755000 ,20580 ,152733000 ,,,,,,,,,,
35,35045,Kitchener Centre,53910,2276891000 ,23300 ,538440000 ,24090 ,227427000 ,7060 ,113388000 ,25620 ,163223000 ,16360 ,104240000 ,,,,,,,,,,
35,35046,Kitchener--Conestoga,51870,2546425000 ,17470 ,445534000 ,26340 ,347246000 ,9080 ,154103000 ,19460 ,102031000 ,16460 ,109589000 ,,,,,,,,,,
35,35047,Kitchener South--Hespeler,58140,2790562000 ,18650 ,425728000 ,22400 ,277289000 ,7000 ,115972000 ,24090 ,141084000 ,16940 ,120531000 ,,,,,,,,,,
35,35048,Lambton--Kent--Middlesex,51100,2179309000 ,28990 ,708960000 ,29720 ,397861000 ,12250 ,160749000 ,25500 ,142538000 ,20260 ,129920000 ,,,,,,,,,,
35,35049,Lanark--Frontenac--Kingston,49350,2112808000 ,31340 ,885022000 ,25310 ,282811000 ,9390 ,118545000 ,23870 ,142904000 ,18070 ,146296000 ,,,,,,,,,,
35,35050,Leeds--Grenville--Thousand Islands and Rideau Lakes,50870,2098626000 ,33510 ,931100000 ,26170 ,290561000 ,8880 ,110733000 ,25390 ,153373000 ,18750 ,157963000 ,,,,,,,,,,
35,35051,London--Fanshawe,60320,2222898000 ,26040 ,564792000 ,21380 ,106377000 ,6850 ,88544000 ,31740 ,212926000 ,18450 ,113245000 ,,,,,,,,,,
35,35052,London North Centre,58640,2644820000 ,28280 ,827888000 ,32010 ,607410000 ,8740 ,203642000 ,27050 ,173460000 ,21170 ,180152000 ,,,,,,,,,,
35,35053,London West,63510,2986823000 ,30730 ,921145000 ,34190 ,495332000 ,9930 ,222439000 ,26570 ,153889000 ,24000 ,188123000 ,,,,,,,,,,
35,35054,Markham--Stouffville,63980,3496018000 ,22590 ,581989000 ,39150 ,453473000 ,11730 ,215161000 ,26630 ,148005000 ,23160 ,173781000 ,,,,,,,,,,
35,35055,Markham--Thornhill,51780,2265662000 ,18730 ,326838000 ,33550 ,394549000 ,11580 ,186288000 ,23610 ,149459000 ,17280 ,121895000 ,,,,,,,,,,
35,35056,Markham--Unionville,59250,3331383000 ,18400 ,329081000 ,48070 ,661169000 ,13590 ,269389000 ,26090 ,144965000 ,22050 ,160815000 ,,,,,,,,,,
35,35057,Milton,57930,3270294000 ,13600 ,335261000 ,24670 ,331853000 ,9580 ,157012000 ,23780 ,122943000 ,17870 ,128131000 ,,,,,,,,,,
35,35058,Mississauga Centre,63830,2802149000 ,20820 ,408190000 ,31040 ,211564000 ,10890 ,147674000 ,27080 ,164816000 ,18680 ,108282000 ,,,,,,,,,,
35,35059,Mississauga East--Cooksville,61090,2571139000 ,25210 ,549410000 ,28710 ,228424000 ,11180 ,153914000 ,29110 ,179067000 ,18470 ,104588000 ,,,,,,,,,,
35,35060,Mississauga--Erin Mills,63480,3198915000 ,17800 ,422500000 ,32660 ,302317000 ,10850 ,183155000 ,25140 ,131478000 ,20020 ,145648000 ,,,,,,,,,,
35,35061,Mississauga--Lakeshore,60940,3760859000 ,25160 ,737056000 ,36630 ,814245000 ,11440 ,338545000 ,23140 ,129688000 ,22320 ,218824000 ,,,,,,,,,,
35,35062,Mississauga--Malton,63600,2615658000 ,15910 ,238570000 ,25210 ,201278000 ,10010 ,128797000 ,28900 ,169298000 ,16990 ,88098000 ,,,,,,,,,,
35,35063,Mississauga--Streetsville,67050,3499469000 ,17300 ,366776000 ,30170 ,287225000 ,10010 ,151125000 ,24890 ,130633000 ,19890 ,141216000 ,,,,,,,,,,
35,35064,Nepean,67740,3729053000 ,22490 ,752146000 ,31650 ,347112000 ,9170 ,180886000 ,25110 ,131459000 ,22580 ,168307000 ,,,,,,,,,,
35,35065,Newmarket--Aurora,66240,3708155000 ,20840 ,544012000 ,33690 ,413092000 ,11400 ,201688000 ,25240 ,131199000 ,21460 ,188408000 ,,,,,,,,,,
35,35066,Niagara Centre,56190,2104486000 ,32180 ,791028000 ,26690 ,172120000 ,6670 ,94120000 ,30490 ,197443000 ,19110 ,139999000 ,,,,,,,,,,
35,35067,Niagara Falls,68840,2614417000 ,41150 ,1065211000 ,35220 ,372743000 ,9830 ,143608000 ,35660 ,217412000 ,24300 ,191590000 ,,,,,,,,,,
35,35068,Niagara West,48130,2328319000 ,24370 ,695636000 ,26940 ,352619000 ,8590 ,150148000 ,18230 ,93122000 ,17740 ,148618000 ,,,,,,,,,,
35,35069,Nickel Belt,51670,2441069000 ,26200 ,669953000 ,21040 ,186465000 ,4860 ,63110000 ,26370 ,170630000 ,17190 ,113676000 ,,,,,,,,,,
35,35070,Nipissing--Timiskaming,46180,1930292000 ,26940 ,679816000 ,21430 ,214123000 ,6280 ,95624000 ,27030 ,177572000 ,14570 ,112018000 ,,,,,,,,,,
35,35071,Northumberland--Peterborough South,53780,2299971000 ,35740 ,997226000 ,29750 ,297308000 ,10160 ,136742000 ,25220 ,139287000 ,22830 ,228944000 ,,,,,,,,,,
35,35072,Oakville,62430,5031455000 ,26920 ,899537000 ,44840 ,1393429000 ,11250 ,399819000 ,21000 ,101371000 ,26090 ,341482000 ,,,,,,,,,,
35,35073,Oakville North--Burlington,69120,4745866000 ,17050 ,485645000 ,37170 ,459285000 ,10760 ,275905000 ,24700 ,113821000 ,22870 ,216722000 ,,,,,,,,,,
35,35074,Oshawa,64990,2556573000 ,32860 ,879360000 ,24730 ,147669000 ,7620 ,107900000 ,32980 ,211185000 ,24010 ,192684000 ,,,,,,,,,,
35,35075,Ottawa Centre,59080,3600079000 ,23740 ,883386000 ,35120 ,769963000 ,10280 ,326940000 ,20950 ,138256000 ,21630 ,198899000 ,,,,,,,,,,
35,35076,Orléans,71050,3825077000 ,29700 ,1109219000 ,32350 ,313602000 ,8730 ,172767000 ,23980 ,125111000 ,24020 ,193636000 ,,,,,,,,,,
35,35077,Ottawa South,56970,2667617000 ,26290 ,926275000 ,29790 ,433890000 ,8760 ,196514000 ,25280 ,168528000 ,19860 ,170111000 ,,,,,,,,,,
35,35078,Ottawa--Vanier,51060,2436606000 ,26730 ,938511000 ,26310 ,503693000 ,7710 ,176023000 ,25160 ,180973000 ,17950 ,145751000 ,,,,,,,,,,
35,35079,Ottawa West--Nepean,52480,2497602000 ,27540 ,947433000 ,30450 ,411957000 ,7290 ,143169000 ,22650 ,147821000 ,19380 ,150860000 ,,,,,,,,,,
35,35080,Oxford,63710,2719004000 ,31220 ,740226000 ,32110 ,400094000 ,11490 ,147634000 ,28660 ,156360000 ,23060 ,140322000 ,,,,,,,,,,
35,35081,Parkdale--High Park,52770,3338957000 ,17200 ,445425000 ,29750 ,488082000 ,12440 ,329662000 ,22900 ,152800000 ,16750 ,142075000 ,,,,,,,,,,
35,35082,Parry Sound--Muskoka,43910,1595275000 ,31700 ,830060000 ,25720 ,333328000 ,9440 ,154889000 ,24310 ,143717000 ,16470 ,131558000 ,,,,,,,,,,
35,35083,Perth--Wellington,56050,2297045000 ,26670 ,619559000 ,33020 ,434810000 ,15330 ,226483000 ,23740 ,119294000 ,19940 ,117184000 ,,,,,,,,,,
35,35084,Peterborough--Kawartha,56020,2206433000 ,36950 ,1009751000 ,32080 ,355294000 ,8800 ,138425000 ,29970 ,187019000 ,22060 ,164035000 ,,,,,,,,,,
35,35085,Pickering--Uxbridge,60890,3279155000 ,23480 ,633320000 ,31560 ,346639000 ,10400 ,175752000 ,22430 ,120717000 ,21270 ,194238000 ,,,,,,,,,,
35,35086,Renfrew--Nipissing--Pembroke,54880,2315261000 ,35040 ,916056000 ,26430 ,232375000 ,9140 ,113552000 ,29730 ,176948000 ,18280 ,137565000 ,,,,,,,,,,
35,35087,Richmond Hill,55000,2894140000 ,21870 ,451699000 ,41520 ,594783000 ,13710 ,274360000 ,23840 ,139708000 ,20060 ,148903000 ,,,,,,,,,,
35,35088,Carleton,50800,3157358000 ,18400 ,640953000 ,25780 ,418542000 ,7790 ,162430000 ,17830 ,86632000 ,17630 ,157253000 ,,,,,,,,,,
35,35089,St. Catharines,55430,2091203000 ,33200 ,870884000 ,27600 ,265784000 ,7030 ,115917000 ,29010 ,183460000 ,19860 ,139981000 ,,,,,,,,,,
35,35090,Toronto--St. Paul's,53370,4413937000 ,23080 ,784524000 ,38640 ,2122918000 ,13320 ,602400000 ,18380 ,112458000 ,22450 ,309688000 ,,,,,,,,,,
35,35091,Sarnia--Lambton,55100,2613876000 ,32990 ,1003335000 ,30740 ,353697000 ,7560 ,116415000 ,26180 ,166915000 ,22740 ,192363000 ,,,,,,,,,,
35,35092,Sault Ste. Marie,42610,1643842000 ,25480 ,671502000 ,19470 ,180331000 ,3380 ,55656000 ,24240 ,168056000 ,13180 ,91225000 ,,,,,,,,,,
35,35093,Scarborough--Agincourt,48790,1792228000 ,23590 ,445297000 ,32670 ,266674000 ,9980 ,123637000 ,27610 ,191786000 ,16900 ,95342000 ,,,,,,,,,,
35,35094,Scarborough Centre,53370,1917341000 ,20350 ,387941000 ,22670 ,118981000 ,8140 ,85580000 ,29400 ,200333000 ,15370 ,74947000 ,,,,,,,,,,
35,35095,Scarborough--Guildwood,47620,1758619000 ,18360 ,403499000 ,19350 ,111264000 ,7360 ,100195000 ,26960 ,192504000 ,13890 ,80788000 ,,,,,,,,,,
35,35096,Scarborough North,49420,1665788000 ,18980 ,288276000 ,26970 ,139719000 ,9360 ,95591000 ,27280 ,188531000 ,15530 ,80240000 ,,,,,,,,,,
35,35097,Scarborough--Rouge Park,52200,2223541000 ,20060 ,445550000 ,24300 ,144853000 ,7680 ,93308000 ,24000 ,159159000 ,17350 ,111993000 ,,,,,,,,,,
35,35098,Scarborough Southwest,51790,2201602000 ,19220 ,405273000 ,22780 ,179146000 ,8290 ,127705000 ,28980 ,195883000 ,15510 ,103546000 ,,,,,,,,,,
35,35099,Simcoe--Grey,65130,2907414000 ,37620 ,1041987000 ,35120 ,442746000 ,12360 ,197560000 ,28650 ,155441000 ,24740 ,195910000 ,,,,,,,,,,
35,35100,Simcoe North,52440,2045217000 ,34940 ,893018000 ,27800 ,314058000 ,9110 ,120264000 ,28800 ,171336000 ,19890 ,143545000 ,,,,,,,,,,
35,35101,Spadina--Fort York,61580,4534399000 ,10900 ,268783000 ,33360 ,667471000 ,11820 ,349380000 ,14620 ,103382000 ,16590 ,184369000 ,,,,,,,,,,
35,35102,Stormont--Dundas--South Glengarry,49260,1896832000 ,30870 ,740213000 ,23110 ,209382000 ,7440 ,105685000 ,30020 ,190736000 ,15730 ,112659000 ,,,,,,,,,,
35,35103,Sudbury,48590,2143681000 ,25930 ,739107000 ,23440 ,301591000 ,4560 ,93108000 ,24710 ,164716000 ,17170 ,117367000 ,,,,,,,,,,
35,35104,Thornhill,59340,3306050000 ,22340 ,506054000 ,42320 ,924317000 ,15880 ,365752000 ,23400 ,127382000 ,22090 ,180802000 ,,,,,,,,,,
35,35105,Thunder Bay--Rainy River,41200,1720168000 ,23390 ,626354000 ,19490 ,156198000 ,4620 ,67625000 ,22180 ,145792000 ,13790 ,104143000 ,,,,,,,,,,
35,35106,Thunder Bay--Superior North,41910,1815439000 ,23240 ,627131000 ,21090 ,191581000 ,3960 ,69280000 ,21970 ,147849000 ,14520 ,114368000 ,,,,,,,,,,
35,35107,Timmins--James Bay,40170,1868350000 ,20540 ,448839000 ,16480 ,142031000 ,4070 ,69431000 ,24480 ,165467000 ,10960 ,104967000 ,,,,,,,,,,
35,35108,Toronto Centre,49650,3020967000 ,13310 ,314394000 ,23060 ,456902000 ,9930 ,266209000 ,20490 ,159451000 ,13500 ,138167000 ,,,,,,,,,,
35,35109,Toronto--Danforth,51310,3126443000 ,17740 ,364336000 ,29120 ,306149000 ,12300 ,303604000 ,24820 ,164285000 ,16100 ,131314000 ,,,,,,,,,,
35,35110,University--Rosedale,47520,4418826000 ,26590 ,742486000 ,48720 ,1933495000 ,12750 ,569568000 ,25880 ,187911000 ,23150 ,346596000 ,,,,,,,,,,
35,35111,Vaughan--Woodbridge,56800,3096374000 ,21640 ,436211000 ,35010 ,434961000 ,9230 ,167510000 ,25500 ,138935000 ,18970 ,115454000 ,,,,,,,,,,
35,35112,Waterloo,58240,3167183000 ,20870 ,617433000 ,33960 ,573704000 ,8220 ,174639000 ,19510 ,98866000 ,20130 ,167299000 ,,,,,,,,,,
35,35113,Wellington--Halton Hills,66120,3735640000 ,26290 ,731388000 ,34850 ,527150000 ,11370 ,196837000 ,23250 ,109597000 ,23210 ,182531000 ,,,,,,,,,,
35,35114,Whitby,69110,3843538000 ,23910 ,687395000 ,30840 ,292435000 ,9500 ,183211000 ,26920 ,138219000 ,24260 ,222366000 ,,,,,,,,,,
35,35115,Willowdale,63160,2912540000 ,18950 ,461786000 ,39830 ,689471000 ,13120 ,254202000 ,21080 ,132948000 ,18420 ,140862000 ,,,,,,,,,,
35,35116,Windsor--Tecumseh,61830,2491209000 ,33140 ,931695000 ,26970 ,283378000 ,6580 ,106435000 ,31580 ,210340000 ,25120 ,148676000 ,,,,,,,,,,
35,35117,Windsor West,57720,2234599000 ,27070 ,668232000 ,23610 ,188622000 ,6580 ,108314000 ,34770 ,243596000 ,19570 ,110356000 ,,,,,,,,,,
35,35118,York Centre,51480,2163650000 ,20060 ,376604000 ,25070 ,538877000 ,11020 ,217222000 ,26730 ,179517000 ,15510 ,98981000 ,,,,,,,,,,
35,35119,York--Simcoe,54390,2638824000 ,19580 ,453483000 ,22210 ,231272000 ,9470 ,144452000 ,23610 ,137788000 ,16920 ,130323000 ,,,,,,,,,,
35,35120,York South--Weston,55280,2047503000 ,21400 ,376897000 ,21010 ,129460000 ,8890 ,110473000 ,34530 ,245471000 ,15210 ,66876000 ,,,,,,,,,,
35,35121,Humber River--Black Creek,51040,1619531000 ,18070 ,279620000 ,16450 ,75002000 ,7270 ,77095000 ,33200 ,242465000 ,12560 ,52008000 ,,,,,,,,,,
TOTAL,,,6837670,331079437000 ,2976620 ,76567070000 ,3487240 ,48483762000 ,1146450 ,21564421000 ,3140530 ,19070220000 ,2310740 ,17953103000 ,,,,,,,,,,
46,46001,Brandon--Souris,45150,1921978000 ,20750 ,450707000 ,25000 ,309791000 ,11970 ,165262000 ,20870 ,103100000 ,17800 ,95523000 ,,,,,,,,,,
46,46002,Charleswood--St. James--Assiniboia--Headingley,44440,2170415000 ,23190 ,677748000 ,22960 ,313979000 ,5380 ,101610000 ,15730 ,73736000 ,17900 ,127365000 ,,,,,,,,,,
46,46003,Churchill--Keewatinook Aski,22940,1069457000 ,9120 ,163427000 ,6500 ,30731000 ,2500 ,23009000 ,21660 ,118837000 ,6950 ,37143000 ,,,,,,,,,,
46,46004,Dauphin--Swan River--Neepawa,39060,1478236000 ,24810 ,454738000 ,22680 ,233984000 ,13600 ,135829000 ,25050 ,129131000 ,15290 ,79141000 ,,,,,,,,,,
46,46005,Elmwood--Transcona,50670,2051629000 ,18970 ,435424000 ,17990 ,80006000 ,5090 ,70075000 ,21960 ,110925000 ,15430 ,81710000 ,,,,,,,,,,
46,46006,Kildonan--St. Paul,45380,2101181000 ,22310 ,560291000 ,23710 ,268976000 ,5560 ,107639000 ,18600 ,87307000 ,17000 ,111556000 ,,,,,,,,,,
46,46007,Portage--Lisgar,45030,1787660000 ,19280 ,383453000 ,25290 ,323205000 ,14740 ,222981000 ,22410 ,106108000 ,16350 ,78499000 ,,,,,,,,,,
46,46008,Provencher,50090,2145010000 ,18920 ,397362000 ,25740 ,236776000 ,12140 ,174338000 ,23740 ,115553000 ,16630 ,92354000 ,,,,,,,,,,
46,46009,Saint Boniface--Saint Vital,47690,2273118000 ,22180 ,591546000 ,24560 ,248517000 ,6250 ,113418000 ,19160 ,93686000 ,17560 ,110749000 ,,,,,,,,,,
46,46010,Selkirk--Interlake--Eastman,45700,2000189000 ,27690 ,650461000 ,26160 ,192986000 ,10740 ,125498000 ,23180 ,118895000 ,19040 ,124277000 ,,,,,,,,,,
46,46011,Winnipeg Centre,43660,1497930000 ,15710 ,266327000 ,14750 ,144941000 ,4640 ,69937000 ,26510 ,167493000 ,10970 ,65545000 ,,,,,,,,,,
46,46012,Winnipeg North,49120,1657637000 ,15590 ,270387000 ,11800 ,60601000 ,4840 ,58375000 ,26310 ,148429000 ,12380 ,59278000 ,,,,,,,,,,
46,46013,Winnipeg South,54790,2616171000 ,18870 ,532787000 ,27710 ,294409000 ,6870 ,137022000 ,18210 ,81064000 ,19330 ,133015000 ,,,,,,,,,,
46,46014,Winnipeg South Centre,49620,2674329000 ,22400 ,672233000 ,29700 ,734249000 ,8020 ,223521000 ,16160 ,76367000 ,20490 ,170696000 ,,,,,,,,,,
TOTAL,,,633330,27444940000 ,279790 ,6506889000 ,304550 ,3473151000 ,112340 ,1728514000 ,299540 ,1530632000 ,223120 ,1366850000 ,,,,,,,,,,
47,47001,Battlefords--Lloydminster,34860,1534123000 ,14280 ,271028000 ,20760 ,358958000 ,9220 ,148442000 ,18320 ,107166000 ,12650 ,73322000 ,,,,,,,,,,
47,47002,Cypress Hills--Grasslands,34180,1411775000 ,18270 ,355552000 ,26620 ,493914000 ,17080 ,321887000 ,15100 ,72376000 ,15540 ,78760000 ,,,,,,,,,,
47,47003,Desnethé--Missinippi--Churchill River,21490,893162000 ,9770 ,167255000 ,8140 ,91202000 ,4400 ,32971000 ,20520 ,128069000 ,7660 ,49829000 ,,,,,,,,,,
47,47004,Carlton Trail--Eagle Creek,39020,1895292000 ,15500 ,295042000 ,20800 ,382242000 ,11900 ,157586000 ,18780 ,98771000 ,14470 ,85072000 ,,,,,,,,,,
47,47005,Moose Jaw--Lake Centre--Lanigan,39810,1936439000 ,20530 ,458240000 ,23020 ,400931000 ,11390 ,171333000 ,17660 ,95469000 ,17080 ,102940000 ,,,,,,,,,,
47,47006,Prince Albert,41630,1797927000 ,21430 ,439551000 ,20320 ,330819000 ,10170 ,121504000 ,24710 ,155389000 ,15070 ,93611000 ,,,,,,,,,,
47,47007,Regina--Lewvan,52910,2886346000 ,17240 ,496312000 ,22940 ,334336000 ,6790 ,135102000 ,17970 ,100215000 ,17010 ,133620000 ,,,,,,,,,,
47,47008,Regina--Qu'Appelle,37840,1771931000 ,15650 ,332290000 ,16550 ,231253000 ,7590 ,89072000 ,19840 ,128859000 ,13050 ,81061000 ,,,,,,,,,,
47,47009,Regina--Wascana,45280,2464386000 ,18280 ,508306000 ,23710 ,449193000 ,6070 ,123278000 ,17650 ,110502000 ,16030 ,118582000 ,,,,,,,,,,
47,47010,Saskatoon--Grasswood,44790,2443628000 ,17890 ,513674000 ,25760 ,561577000 ,7260 ,131326000 ,16070 ,89940000 ,16630 ,120635000 ,,,,,,,,,,
47,47011,Saskatoon--University,45170,2456088000 ,14200 ,401037000 ,23280 ,484628000 ,6620 ,122580000 ,15240 ,81877000 ,15460 ,110100000 ,,,,,,,,,,
47,47012,Saskatoon West,45210,1990351000 ,13860 ,285794000 ,14590 ,213809000 ,5720 ,82756000 ,23200 ,166839000 ,12550 ,73477000 ,,,,,,,,,,
47,47013,Souris--Moose Mountain,38700,1987856000 ,17390 ,345429000 ,24530 ,559682000 ,12260 ,164999000 ,17040 ,85224000 ,16560 ,107570000 ,,,,,,,,,,
47,47014,Yorkton--Melville,33480,1503461000 ,21120 ,402800000 ,20850 ,279738000 ,11970 ,122479000 ,19590 ,108148000 ,13900 ,73381000 ,,,,,,,,,,
TOTAL,,,554370,26972766000 ,235410 ,5272309000 ,291880 ,5172284000 ,128450 ,1925314000 ,261690 ,1528846000 ,203630 ,1301962000 ,,,,,,,,,,
48,48001,Banff--Airdrie,75530,4932802000 ,19140 ,489174000 ,37450 ,1327980000 ,11520 ,176306000 ,26680 ,135264000 ,25200 ,285216000 ,,,,,,,,,,
48,48002,Battle River--Crowfoot,54720,2645082000 ,25890 ,516966000 ,36470 ,706497000 ,18150 ,271741000 ,25720 ,147052000 ,21860 ,130339000 ,,,,,,,,,,
48,48003,Bow River,60010,3114821000 ,19430 ,379317000 ,31780 ,805511000 ,14770 ,237365000 ,26500 ,142896000 ,20410 ,158489000 ,,,,,,,,,,
48,48004,Calgary Centre,70810,6762300000 ,16980 ,474805000 ,40260 ,2679830000 ,9380 ,287070000 ,21390 ,154046000 ,23520 ,496758000 ,,,,,,,,,,
48,48005,Calgary Confederation,65670,4982152000 ,20700 ,586439000 ,41710 ,1343681000 ,9340 ,225076000 ,21710 ,132021000 ,25700 ,336971000 ,,,,,,,,,,
48,48006,Calgary Forest Lawn,61580,2517893000 ,17390 ,282677000 ,17860 ,187497000 ,8000 ,107892000 ,29900 ,200908000 ,15380 ,96709000 ,,,,,,,,,,
48,48007,Calgary Heritage,64550,4342975000 ,20630 ,600199000 ,36680 ,1444068000 ,8540 ,166957000 ,21950 ,117818000 ,24560 ,278966000 ,,,,,,,,,,
48,48008,Calgary Midnapore,69960,4559732000 ,20990 ,559225000 ,37090 ,1083689000 ,8630 ,158620000 ,24150 ,126874000 ,25410 ,284351000 ,,,,,,,,,,
48,48009,Calgary Nose Hill,66010,3906129000 ,18860 ,419602000 ,36290 ,657831000 ,8020 ,119923000 ,25080 ,141713000 ,23590 ,237544000 ,,,,,,,,,,
48,48010,Calgary Rocky Ridge,72620,5084266000 ,16710 ,441774000 ,40530 ,760329000 ,8930 ,153616000 ,25260 ,130091000 ,26640 ,268205000 ,,,,,,,,,,
48,48011,Calgary Shepard,85150,5600681000 ,16070 ,348134000 ,34750 ,791866000 ,9620 ,160429000 ,31820 ,180638000 ,26050 ,238626000 ,,,,,,,,,,
48,48012,Calgary Signal Hill,64520,5545730000 ,18810 ,505106000 ,42440 ,1480398000 ,8810 ,208997000 ,23290 ,125077000 ,26550 ,397830000 ,,,,,,,,,,
48,48013,Calgary Skyview,76170,3197378000 ,12420 ,175327000 ,20380 ,250601000 ,9240 ,105766000 ,33420 ,197606000 ,16810 ,104384000 ,,,,,,,,,,
48,48014,Edmonton Centre,63070,3620202000 ,20070 ,499640000 ,26550 ,1018704000 ,6950 ,171465000 ,25080 ,184324000 ,17840 ,154046000 ,,,,,,,,,,
48,48015,Edmonton Griesbach,58060,2642960000 ,23580 ,460683000 ,22410 ,200288000 ,5620 ,73402000 ,35070 ,279296000 ,15290 ,113898000 ,,,,,,,,,,
48,48016,Edmonton Manning,68140,3525834000 ,18660 ,388447000 ,24180 ,246540000 ,6160 ,85034000 ,29140 ,184998000 ,17720 ,113941000 ,,,,,,,,,,
48,48017,Edmonton Mill Woods,68320,3285505000 ,16600 ,327597000 ,22080 ,281986000 ,7110 ,87171000 ,28470 ,175243000 ,17950 ,115897000 ,,,,,,,,,,
48,48018,Edmonton Riverbend,67880,4720378000 ,21130 ,642412000 ,39600 ,1556680000 ,8090 ,215171000 ,23070 ,129978000 ,23600 ,224219000 ,,,,,,,,,,
48,48019,Edmonton Strathcona,58630,3386815000 ,19700 ,534232000 ,29420 ,792477000 ,7230 ,172192000 ,20460 ,127911000 ,18380 ,156470000 ,,,,,,,,,,
48,48020,Edmonton West,69490,4096032000 ,19120 ,459254000 ,28080 ,870872000 ,7100 ,122463000 ,26720 ,162646000 ,19720 ,154309000 ,,,,,,,,,,
48,48021,Edmonton--Wetaskiwin,85780,5227308000 ,20350 ,439157000 ,36120 ,900972000 ,11240 ,143987000 ,34630 ,195031000 ,27530 ,208295000 ,,,,,,,,,,
48,48022,Foothills,57200,4096970000 ,25310 ,634396000 ,37780 ,1604895000 ,13630 ,196897000 ,24260 ,125886000 ,23120 ,288521000 ,,,,,,,,,,
48,48023,Fort McMurray--Cold Lake,68420,6086941000 ,10770 ,211779000 ,26540 ,390007000 ,5610 ,62917000 ,24720 ,149781000 ,22180 ,147089000 ,,,,,,,,,,
48,48024,Grande Prairie--Mackenzie,69340,4180917000 ,16360 ,288201000 ,30350 ,937865000 ,11950 ,140838000 ,28590 ,164614000 ,19270 ,140267000 ,,,,,,,,,,
48,48025,Lakeland,57210,3161001000 ,23520 ,442263000 ,34670 ,790986000 ,15330 ,174661000 ,29250 ,179605000 ,22460 ,144497000 ,,,,,,,,,,
48,48026,Lethbridge,60400,2826549000 ,24650 ,582237000 ,29790 ,599375000 ,9180 ,144572000 ,26550 ,156071000 ,18830 ,133040000 ,,,,,,,,,,
48,48027,Medicine Hat--Cardston--Warner,54690,2544907000 ,24580 ,528545000 ,31150 ,623796000 ,12380 ,186255000 ,27640 ,160054000 ,19570 ,134350000 ,,,,,,,,,,
48,48028,Peace River--Westlock,53320,2772147000 ,18270 ,318034000 ,25490 ,554538000 ,12170 ,129778000 ,27690 ,163876000 ,16280 ,99691000 ,,,,,,,,,,
48,48029,Red Deer--Mountain View,62610,3489369000 ,24610 ,547275000 ,35080 ,1002747000 ,12870 ,166995000 ,26640 ,150814000 ,24020 ,192436000 ,,,,,,,,,,
48,48030,Red Deer--Lacombe,65500,3453653000 ,21680 ,436270000 ,32560 ,975315000 ,11640 ,155465000 ,30590 ,180052000 ,22960 ,163115000 ,,,,,,,,,,
48,48031,St. Albert--Edmonton,68650,4249112000 ,22520 ,612510000 ,32040 ,663444000 ,7290 ,131578000 ,25040 ,139835000 ,21040 ,168763000 ,,,,,,,,,,
48,48032,Sherwood Park--Fort Saskatchewan,70480,5057532000 ,23820 ,676260000 ,38250 ,1167324000 ,8570 ,133551000 ,23610 ,120715000 ,23490 ,203937000 ,,,,,,,,,,
48,48033,Sturgeon River--Parkland,67960,4373661000 ,23200 ,526728000 ,31880 ,827541000 ,9980 ,126760000 ,27990 ,155033000 ,21280 ,177916000 ,,,,,,,,,,
48,48034,Yellowhead,53910,3030903000 ,19320 ,375356000 ,26710 ,626232000 ,10490 ,84423000 ,24060 ,141179000 ,17500 ,138943000 ,,,,,,,,,,
TOTAL,,,2236350,137020638000 ,681850 ,15710018000 ,1094380 ,30152361000 ,333530 ,5285335000 ,906100 ,5358945000 ,731710 ,6688027000 ,,,,,,,,,,
59,59001,Abbotsford,52290,2032405000 ,23280 ,479127000 ,23330 ,311283000 ,9830 ,171638000 ,27230 ,157658000 ,14750 ,78957000 ,,,,,,,,,,
59,59002,Burnaby North--Seymour,54610,2723249000 ,20970 ,499225000 ,36860 ,592367000 ,9960 ,181663000 ,20600 ,107541000 ,19090 ,129499000 ,,,,,,,,,,
59,59003,Burnaby South,58990,2483242000 ,20520 ,404830000 ,38010 ,470861000 ,10500 ,158929000 ,23500 ,135539000 ,18820 ,102491000 ,,,,,,,,,,
59,59004,Cariboo--Prince George,58280,2620886000 ,25220 ,543999000 ,23080 ,229232000 ,8740 ,113788000 ,29980 ,182010000 ,17220 ,110669000 ,,,,,,,,,,
59,59005,Central Okanagan--Similkameen--Nicola,54930,2177077000 ,38870 ,939904000 ,35460 ,505946000 ,10730 ,166587000 ,28800 ,159723000 ,24910 ,155260000 ,,,,,,,,,,
59,59006,Chilliwack--Hope,49930,1927412000 ,27790 ,640345000 ,24700 ,274213000 ,9400 ,136796000 ,26690 ,152400000 ,15740 ,97450000 ,,,,,,,,,,
59,59007,Cloverdale--Langley City,63090,2923704000 ,20070 ,431956000 ,26450 ,242029000 ,9880 ,163489000 ,27630 ,151832000 ,17930 ,108017000 ,,,,,,,,,,
59,59008,Coquitlam--Port Coquitlam,65580,3093929000 ,20490 ,431988000 ,35190 ,325663000 ,11440 ,186734000 ,27250 ,150653000 ,20630 ,124723000 ,,,,,,,,,,
59,59009,Courtenay--Alberni,55320,1886394000 ,45960 ,1223779000 ,38040 ,477069000 ,11860 ,179237000 ,30540 ,186028000 ,24690 ,170500000 ,,,,,,,,,,
59,59010,Cowichan--Malahat--Langford,56090,2291351000 ,31570 ,788410000 ,29690 ,328152000 ,10530 ,155241000 ,27260 ,156409000 ,21550 ,136037000 ,,,,,,,,,,
59,59011,Delta,56260,2657727000 ,24910 ,655299000 ,32590 ,488139000 ,9660 ,179145000 ,22510 ,120458000 ,19460 ,137768000 ,,,,,,,,,,
59,59012,Fleetwood--Port Kells,61700,2456926000 ,19490 ,343504000 ,28930 ,278811000 ,11160 ,180819000 ,28900 ,162255000 ,16920 ,89680000 ,,,,,,,,,,
59,59013,Kamloops--Thompson--Cariboo,67290,2887821000 ,35630 ,847764000 ,33310 ,408683000 ,9940 ,137969000 ,32830 ,191569000 ,24820 ,144337000 ,,,,,,,,,,
59,59014,Kelowna--Lake Country,65400,2815033000 ,30730 ,751819000 ,37690 ,790283000 ,12490 ,218697000 ,27920 ,150589000 ,26950 ,184081000 ,,,,,,,,,,
59,59015,Kootenay--Columbia,60480,2512101000 ,31450 ,745560000 ,33180 ,380930000 ,11470 ,173959000 ,28090 ,158578000 ,20200 ,151302000 ,,,,,,,,,,
59,59016,Langley--Aldergrove,62020,2982760000 ,25540 ,613509000 ,34440 ,579537000 ,12440 ,199002000 ,25190 ,127722000 ,21140 ,138145000 ,,,,,,,,,,
59,59017,Mission--Matsqui--Fraser Canyon,45690,1728777000 ,21210 ,417648000 ,19780 ,218267000 ,9560 ,149424000 ,26610 ,161105000 ,13690 ,77643000 ,,,,,,,,,,
59,59018,Nanaimo--Ladysmith,60690,2343483000 ,38620 ,980538000 ,35990 ,432806000 ,11160 ,169170000 ,30630 ,178437000 ,23820 ,157851000 ,,,,,,,,,,
59,59019,New Westminster--Burnaby,62350,2697094000 ,20940 ,429970000 ,30410 ,273808000 ,10360 ,152989000 ,26010 ,156959000 ,18380 ,101443000 ,,,,,,,,,,
59,59020,North Okanagan--Shuswap,61950,2364319000 ,43420 ,1007669000 ,39340 ,549209000 ,13300 ,170031000 ,35380 ,201163000 ,25920 ,166956000 ,,,,,,,,,,
59,59021,North Vancouver,62440,3464497000 ,23920 ,636390000 ,41080 ,807281000 ,13460 ,314493000 ,22090 ,111567000 ,22380 ,178145000 ,,,,,,,,,,
59,59022,Pitt Meadows--Maple Ridge,54550,2597076000 ,21150 ,493151000 ,24470 ,236232000 ,8880 ,147045000 ,23730 ,128736000 ,17190 ,111547000 ,,,,,,,,,,
59,59023,Port Moody--Coquitlam,60140,2981490000 ,20510 ,491853000 ,34340 ,446785000 ,10450 ,183735000 ,23290 ,123931000 ,19160 ,130465000 ,,,,,,,,,,
59,59024,Prince George--Peace River--Northern Rockies,62870,3452330000 ,19530 ,387764000 ,24240 ,385276000 ,10380 ,148877000 ,27200 ,158854000 ,17870 ,115264000 ,,,,,,,,,,
59,59025,Richmond Centre,48000,1963958000 ,19370 ,359436000 ,39760 ,522897000 ,10010 ,158472000 ,20490 ,116065000 ,17980 ,103474000 ,,,,,,,,,,
59,59026,Esquimalt--Saanich--Sooke,60130,2534823000 ,28700 ,754363000 ,30940 ,336473000 ,10110 ,167314000 ,24190 ,130196000 ,21170 ,126092000 ,,,,,,,,,,
59,59027,Saanich--Gulf Islands,52540,2246411000 ,38430 ,1200222000 ,43460 ,759318000 ,12280 ,203863000 ,19240 ,93147000 ,26720 ,183802000 ,,,,,,,,,,
59,59028,Skeena--Bulkley Valley,43920,1939130000 ,19370 ,406702000 ,17290 ,177253000 ,7450 ,97227000 ,25600 ,158085000 ,13000 ,88311000 ,,,,,,,,,,
59,59029,South Okanagan--West Kootenay,60960,2224816000 ,44590 ,1040098000 ,38420 ,424037000 ,11840 ,160973000 ,34290 ,193940000 ,24070 ,161439000 ,,,,,,,,,,
59,59030,South Surrey--White Rock,49890,2616555000 ,31340 ,919544000 ,41960 ,982511000 ,10930 ,207113000 ,19570 ,95447000 ,22710 ,195833000 ,,,,,,,,,,
59,59031,Steveston--Richmond East,53050,2194075000 ,19150 ,345872000 ,35490 ,397161000 ,10320 ,158257000 ,22140 ,126079000 ,17400 ,101123000 ,,,,,,,,,,
59,59032,Surrey Centre,60460,2024924000 ,17830 ,252745000 ,18670 ,107902000 ,9720 ,143564000 ,34630 ,226263000 ,13530 ,60917000 ,,,,,,,,,,
59,59033,Surrey--Newton,57780,1959925000 ,17980 ,256350000 ,20290 ,148119000 ,10690 ,183811000 ,31700 ,195693000 ,13100 ,65248000 ,,,,,,,,,,
59,59034,Vancouver Centre,70600,4223212000 ,23580 ,588722000 ,45790 ,1597994000 ,15410 ,407914000 ,19850 ,129236000 ,22310 ,273574000 ,,,,,,,,,,
59,59035,Vancouver East,59250,2653871000 ,19750 ,287290000 ,29190 ,338322000 ,12420 ,206863000 ,31070 ,215541000 ,16070 ,86885000 ,,,,,,,,,,
59,59036,Vancouver Granville,54800,3142860000 ,19070 ,493772000 ,43460 ,1382340000 ,13250 ,319050000 ,16920 ,91481000 ,21840 ,199419000 ,,,,,,,,,,
59,59037,North Island--Powell River,52730,1994991000 ,35380 ,852328000 ,29990 ,339119000 ,9760 ,145413000 ,28380 ,176718000 ,20320 ,138155000 ,,,,,,,,,,
59,59038,Vancouver Kingsway,57490,2258854000 ,18400 ,264327000 ,29870 ,247656000 ,10060 ,148273000 ,25670 ,155170000 ,16570 ,82339000 ,,,,,,,,,,
59,59039,Vancouver Quadra,48280,3102607000 ,19190 ,632565000 ,44810 ,1650164000 ,12350 ,335476000 ,13970 ,61075000 ,22800 ,234358000 ,,,,,,,,,,
59,59040,Vancouver South,53240,1999151000 ,19920 ,317004000 ,31070 ,287698000 ,9590 ,144811000 ,25330 ,153342000 ,16100 ,81068000 ,,,,,,,,,,
59,59041,Victoria,66190,2869845000 ,36440 ,1070171000 ,42760 ,994537000 ,13020 ,245291000 ,24750 ,139252000 ,26580 ,216237000 ,,,,,,,,,,
59,59042,West Vancouver--Sunshine Coast--Sea to Sky Country,59380,3066546000 ,31070 ,904664000 ,45170 ,1773264000 ,16340 ,431095000 ,23170 ,117968000 ,24570 ,270358000 ,,,,,,,,,,
TOTAL,,,2421580,107117637000 ,1111360 ,26132175000 ,1388980 ,22499624000 ,463070 ,8004242000 ,1090770 ,6246414000 ,840050 ,5766862000 ,,,,,,,,,,
60,60001,Yukon,21970,1089998000 ,6540 ,149787000 ,8110 ,95216000 ,3920 ,61733000 ,9310 ,67821000 ,6130 ,47147000 ,,,,,,,,,,
TOTAL,,,21970,1089998000 ,6540 ,149787000 ,8110 ,95216000 ,3920 ,61733000 ,9310 ,67821000 ,6130 ,47147000 ,,,,,,,,,,
61,61001,Northwest Territories,26050,1612841000 ,5280 ,105795000 ,5700 ,76595000 ,2050 ,36040000 ,11300 ,74610000 ,6530 ,57047000 ,,,,,,,,,,
TOTAL,,,26050,1612841000 ,5280 ,105795000 ,5700 ,76595000 ,2050 ,36040000 ,11300 ,74610000 ,6530 ,57047000 ,,,,,,,,,,
62,62001,Nunavut,17220,863518000 ,2430 ,35001000 ,1820 ,15708000 ,890 ,17486000 ,11560 ,70911000 ,2930 ,23902000 ,,,,,,,,,,
TOTAL,,,17220,863518000 ,2430 ,35001000 ,1820 ,15708000 ,890 ,17486000 ,11560 ,70911000 ,2930 ,23902000 ,,,,,,,,,,
TOTAL,,,18159250,853411039000 ,8119030 ,193556906000 ,8888840 ,136866865000 ,2946590 ,52403575000 ,8958740 ,53294953000 ,5965510 ,44740350000 ,,,,,,,,,,
