Prov/Terr,FED ID,Federal Electoral Districts,Total,Total Income,"Under $5,000","$5,000 to $9,999","$10,000 to $14,999","$15,000 to $19,999","$20,000 to $24,999","$25,000 to $29,999","$30,000 to $34,999","$35,000 to $39,999","$40,000 to $44,999","$45,000 to $49,999","$50,000 to $54,999","$55,000 to $59,999","$60,000 to $69,999","$70,000 to $79,999","$80,000 to $89,999","$90,000 to $99,999","$100,000 to $149,999","$150,000 to $249,999","$250,000 and over",
10,10001,Avalon,35390,2158179000 ,1640 ,1510 ,1940 ,2940 ,1930 ,1870 ,1890 ,1880 ,1870 ,1600 ,1500 ,1440 ,2310 ,1900 ,1640 ,1410 ,4010 ,1720 ,400 ,
10,10002,Bonavista--Burin--Trinity,31810,1623666000 ,1500 ,1450 ,2160 ,3800 ,2330 ,2030 ,2120 ,1920 ,1680 ,1430 ,1180 ,1070 ,1620 ,1200 ,1070 ,970 ,3090 ,1060 ,150 ,
10,10003,Coast of Bays--Central--Notre Dame,32830,1604022000 ,1940 ,1500 ,2400 ,3810 ,2290 ,2120 ,2100 ,2060 ,1880 ,1600 ,1330 ,1140 ,1890 ,1330 ,1050 ,950 ,2350 ,890 ,210 ,
10,10004,Labrador,10520,775647000 ,680 ,430 ,480 ,480 ,350 ,370 ,470 ,410 ,350 ,340 ,340 ,320 ,610 ,530 ,540 ,590 ,2470 ,650 ,110 ,
10,10005,Long Range Mountains,36630,1704707000 ,1910 ,1860 ,2750 ,4100 ,2720 ,2430 ,2550 ,2280 ,2160 ,1800 ,1480 ,1370 ,2110 ,1560 ,1280 ,1020 ,2330 ,720 ,220 ,
10,10006,St. John's East,32410,2267652000 ,2210 ,1810 ,2050 ,2190 ,1580 ,1470 ,1470 ,1500 ,1530 ,1330 ,1260 ,1190 ,2190 ,1780 ,1500 ,1370 ,3310 ,1770 ,900 ,
10,10007,St. John's South--Mount Pearl,32130,1877709000 ,2020 ,1810 ,2050 ,2420 ,1880 ,1750 ,1730 ,1840 ,1840 ,1560 ,1360 ,1300 ,2160 ,1700 ,1320 ,1100 ,2590 ,1230 ,460 ,
TOTAL,,,211710,12011582000 ,11900 ,10360 ,13830 ,19730 ,13070 ,12030 ,12330 ,11890 ,11310 ,9660 ,8440 ,7830 ,12880 ,10010 ,8410 ,7410 ,20150 ,8040 ,2440 ,
11,11001,Cardigan,14400,662841000 ,820 ,720 ,860 ,1250 ,1140 ,1000 ,1080 ,1000 ,950 ,830 ,720 ,610 ,910 ,700 ,460 ,280 ,740 ,240 ,80 ,
11,11002,Charlottetown,13260,618219000 ,1130 ,870 ,960 ,1140 ,1010 ,870 ,870 ,750 ,700 ,690 ,590 ,530 ,810 ,590 ,430 ,310 ,650 ,230 ,130 ,
11,11003,Egmont,14360,607578000 ,800 ,700 ,890 ,1390 ,1140 ,1190 ,1240 ,1130 ,1040 ,870 ,690 ,550 ,820 ,580 ,350 ,260 ,500 ,150 ,80 ,
11,11004,Malpeque,13550,640582000 ,750 ,680 ,730 ,1050 ,940 ,900 ,950 ,1010 ,960 ,900 ,770 ,650 ,970 ,720 ,430 ,280 ,600 ,190 ,90 ,
TOTAL,,,55580,2529220000 ,3500 ,2970 ,3430 ,4830 ,4230 ,3960 ,4130 ,3900 ,3650 ,3290 ,2770 ,2330 ,3510 ,2590 ,1680 ,1140 ,2490 ,810 ,370 ,
12,12001,Cape Breton--Canso,28300,1288371000 ,1920 ,1990 ,1570 ,2590 ,2280 ,2020 ,1900 ,1790 ,1600 ,1390 ,1200 ,1110 ,1710 ,1290 ,990 ,690 ,1600 ,540 ,150 ,
12,12002,Central Nova,28290,1364419000 ,1770 ,1990 ,1600 ,2320 ,2150 ,1780 ,1840 ,1770 ,1640 ,1500 ,1330 ,1190 ,1880 ,1430 ,1000 ,710 ,1630 ,560 ,200 ,
12,12003,Cumberland--Colchester,31380,1357211000 ,2140 ,2230 ,1990 ,2890 ,2460 ,2130 ,2050 ,2140 ,1980 ,1820 ,1500 ,1250 ,1960 ,1430 ,990 ,660 ,1250 ,380 ,150 ,
12,12004,Dartmouth--Cole Harbour,34640,1841219000 ,2300 ,2400 ,1870 ,2010 ,1910 ,1760 ,1910 ,1980 ,1980 ,1820 ,1640 ,1530 ,2720 ,2310 ,1770 ,1240 ,2420 ,790 ,290 ,
12,12005,Halifax,34050,1988603000 ,3540 ,2780 ,2100 ,2500 ,1920 ,1790 ,1740 ,1700 ,1610 ,1490 ,1260 ,1180 ,2100 ,1750 ,1400 ,990 ,2320 ,1190 ,690 ,
12,12006,Halifax West,34200,2067076000 ,2690 ,1920 ,1800 ,1860 ,1870 ,1680 ,1670 ,1810 ,1720 ,1620 ,1510 ,1380 ,2500 ,2240 ,1850 ,1360 ,2960 ,1230 ,520 ,
12,12007,Kings--Hants,32980,1543072000 ,2190 ,1940 ,1790 ,2640 ,2420 ,2080 ,1990 ,2050 ,2070 ,1830 ,1640 ,1540 ,2400 ,1800 ,1340 ,870 ,1710 ,510 ,170 ,
12,12008,Sackville--Preston--Chezzetcook,33630,1877878000 ,1790 ,1630 ,1580 ,1790 ,1700 ,1570 ,1730 ,1860 ,1930 ,1840 ,1800 ,1710 ,3100 ,2590 ,2060 ,1420 ,2580 ,710 ,240 ,
12,12009,South Shore--St. Margarets,37970,1884962000 ,2120 ,2190 ,2090 ,3320 ,2820 ,2370 ,2360 ,2450 ,2300 ,2070 ,1860 ,1580 ,2570 ,2080 ,1500 ,1040 ,2200 ,760 ,300 ,
12,12010,Sydney--Victoria,29340,1184602000 ,2950 ,2360 ,1760 ,2460 ,2420 ,2150 ,2090 ,1870 ,1630 ,1380 ,1230 ,1070 ,1630 ,1150 ,880 ,630 ,1210 ,390 ,110 ,
12,12011,West Nova,33710,1420373000 ,2110 ,2250 ,2160 ,3620 ,2710 ,2330 ,2360 ,2220 ,2020 ,1660 ,1470 ,1340 ,2340 ,1590 ,1000 ,690 ,1350 ,370 ,130 ,
TOTAL,,,358470,17817785000 ,25520 ,23700 ,20290 ,27990 ,24660 ,21640 ,21620 ,21650 ,20490 ,18400 ,16440 ,14880 ,24890 ,19650 ,14770 ,10300 ,21220 ,7420 ,2940 ,
13,13001,Acadie--Bathurst,33760,1433052000 ,1670 ,2460 ,2060 ,3960 ,2490 ,2520 ,2820 ,2580 ,2060 ,1630 ,1390 ,1070 ,1680 ,1360 ,1000 ,650 ,1690 ,530 ,130 ,
13,13002,Beauséjour,33880,1548692000 ,1660 ,1860 ,1740 ,3040 ,2510 ,2470 ,2660 ,2710 ,2290 ,1960 ,1620 ,1400 ,2260 ,1630 ,1080 ,800 ,1530 ,480 ,180 ,
13,13003,Fredericton,30560,1589445000 ,2270 ,1870 ,1550 ,1950 ,1670 ,1550 ,1540 ,1740 ,1650 ,1530 ,1440 ,1520 ,2990 ,2000 ,1390 ,910 ,2050 ,710 ,250 ,
13,13004,Fundy Royal,31280,1651706000 ,1640 ,1760 ,1640 ,2320 ,1930 ,1760 ,1750 ,2010 ,1850 ,1820 ,1580 ,1460 ,2300 ,1720 ,1210 ,1010 ,2440 ,860 ,230 ,
13,13005,Madawaska--Restigouche,25530,1021790000 ,1290 ,1940 ,1510 ,2530 ,1980 ,1960 ,1990 ,2180 ,1890 ,1560 ,1230 ,950 ,1390 ,980 ,600 ,390 ,840 ,220 ,90 ,
13,13006,Miramichi--Grand Lake,23830,935807000 ,2060 ,1550 ,1440 ,2560 ,1820 ,1750 ,1880 ,1710 ,1440 ,1290 ,1110 ,860 ,1280 ,890 ,690 ,390 ,790 ,270 ,80 ,
13,13007,Moncton--Riverview--Dieppe,34940,1638823000 ,2160 ,2550 ,1930 ,2680 ,2510 ,2360 ,2330 ,2400 ,2350 ,1940 ,1510 ,1430 ,2250 ,1710 ,1230 ,870 ,1810 ,700 ,240 ,
13,13008,New Brunswick Southwest,25980,1284963000 ,1430 ,1530 ,1370 ,2000 ,1740 ,1540 ,1580 ,1700 ,1550 ,1430 ,1330 ,1160 ,2050 ,1420 ,1040 ,780 ,1640 ,540 ,140 ,
13,13009,Saint John--Rothesay,29850,1464813000 ,2100 ,2410 ,1720 ,2370 ,2110 ,1800 ,1740 ,1870 ,1680 ,1460 ,1290 ,1130 ,1940 ,1420 ,1070 ,810 ,2000 ,650 ,270 ,
13,13010,Tobique--Mactaquac,27270,1170484000 ,1810 ,1780 ,1730 ,2460 ,2060 ,1810 ,1870 ,1970 ,1880 ,1600 ,1390 ,1230 ,1730 ,1120 ,760 ,540 ,1100 ,350 ,120 ,
TOTAL,,,296880,13739574000 ,18080 ,19720 ,16690 ,25870 ,20810 ,19520 ,20170 ,20870 ,18630 ,16200 ,13890 ,12210 ,19860 ,14260 ,10050 ,7150 ,15890 ,5300 ,1720 ,
24,24001,Abitibi--Baie-James--Nunavik--Eeyou,31130,1542751000 ,4440 ,1780 ,1970 ,2180 ,1820 ,1370 ,1420 ,1450 ,1410 ,1320 ,1250 ,1190 ,1990 ,1670 ,1250 ,990 ,2630 ,750 ,250 ,
24,24002,Abitibi--Témiscamingue,41970,2190386000 ,1950 ,2120 ,2680 ,3520 ,2760 ,2430 ,2250 ,2420 ,2440 ,2240 ,2090 ,1940 ,3070 ,2320 ,1760 ,1450 ,3370 ,870 ,300 ,
24,24003,Ahuntsic-Cartierville,42660,1965563000 ,3970 ,3470 ,4220 ,3910 ,3080 ,2680 ,2550 ,2310 ,2150 ,1780 ,1520 ,1340 ,2130 ,1730 ,1260 ,960 ,2110 ,970 ,530 ,
24,24004,Alfred-Pellan,38550,2044428000 ,2520 ,2120 ,2720 ,2820 ,2650 ,2180 ,2180 ,2360 ,2250 ,2060 ,1870 ,1620 ,2630 ,2160 ,1550 ,1110 ,2300 ,910 ,530 ,
24,24005,Argenteuil--La Petite-Nation,39230,1710395000 ,1950 ,2520 ,3100 ,3850 ,3000 ,2560 ,2530 ,2600 ,2450 ,2200 ,1940 ,1680 ,2590 ,1960 ,1310 ,800 ,1530 ,450 ,210 ,
24,24006,Avignon--La Mitis--Matane--Matapédia,30360,1141238000 ,1810 ,1710 ,2550 ,3940 ,2450 ,2120 ,2230 ,2340 ,1990 ,1650 ,1430 ,1100 ,1770 ,1100 ,660 ,450 ,770 ,220 ,70 ,
24,24007,Beauce,44050,2008536000 ,1510 ,2020 ,3050 ,3780 ,3320 ,2900 ,3070 ,3560 ,3710 ,3230 ,2710 ,2250 ,3120 ,2150 ,1120 ,710 ,1170 ,440 ,250 ,
24,24008,Beauport--Limoilou,36910,1529389000 ,1680 ,2440 ,3360 ,3410 ,2750 ,2510 ,2620 ,2830 ,2450 ,2180 ,1840 ,1530 ,2350 ,1710 ,970 ,640 ,1150 ,350 ,160 ,
24,24009,Bécancour--Nicolet--Saurel,38960,1755640000 ,1680 ,2280 ,2850 ,3740 ,2970 ,2630 ,2690 ,2770 ,2500 ,2200 ,1830 ,1540 ,2440 ,2110 ,1380 ,930 ,1700 ,480 ,220 ,
24,24010,Bellechasse--Les Etchemins--Lévis,46630,2302026000 ,1620 ,2040 ,2890 ,3830 ,3300 ,2910 ,3170 ,3300 ,3540 ,3230 ,2860 ,2430 ,3470 ,2570 ,1540 ,990 ,1980 ,650 ,330 ,
24,24011,Beloeil--Chambly,45390,2737450000 ,1880 ,1940 ,2360 ,2720 ,2390 ,2170 ,2340 ,2590 ,2770 ,2470 ,2350 ,2210 ,3910 ,3340 ,2470 ,1910 ,3740 ,1240 ,590 ,
24,24012,Berthier--Maskinongé,42770,1810137000 ,1930 ,2560 ,3250 ,4640 ,3460 ,2980 ,3210 ,3110 ,2850 ,2480 ,2010 ,1700 ,2700 ,1880 ,1180 ,760 ,1430 ,430 ,230 ,
24,24013,Thérèse-De Blainville,37910,2471701000 ,1980 ,1900 ,2280 ,2390 ,2020 ,1880 ,1920 ,2100 ,2100 ,1860 ,1750 ,1600 ,2760 ,2460 ,1840 ,1470 ,3270 ,1500 ,840 ,
24,24014,Pierre-Boucher--Les Patriotes--Verchères,40100,2710608000 ,1740 ,1630 ,2150 ,2160 ,1930 ,1840 ,1830 ,2130 ,2250 ,2140 ,2080 ,1900 ,3350 ,2940 ,2280 ,1650 ,3820 ,1410 ,880 ,
24,24015,Bourassa,35640,1144343000 ,3140 ,3610 ,3860 ,4040 ,3360 ,2810 ,2570 ,2410 ,1930 ,1550 ,1170 ,970 ,1420 ,950 ,560 ,390 ,620 ,200 ,80 ,
24,24016,Brome--Missisquoi,42050,2061905000 ,1850 ,2520 ,3120 ,4050 ,3310 ,2790 ,2870 ,2880 ,2680 ,2300 ,2100 ,1830 ,2630 ,1930 ,1200 ,870 ,1800 ,830 ,480 ,
24,24017,Brossard--Saint-Lambert,40590,2577730000 ,3240 ,2260 ,2990 ,3010 ,2450 ,2040 ,1920 ,2130 ,1980 ,1770 ,1690 ,1470 ,2560 ,2160 ,1690 ,1330 ,3330 ,1520 ,1060 ,
24,24018,Rimouski-Neigette--Témiscouata--Les Basques,34720,1488620000 ,1570 ,1830 ,2580 ,3610 ,2740 ,2440 ,2460 ,2720 ,2460 ,2080 ,1830 ,1420 ,2140 ,1440 ,980 ,650 ,1220 ,370 ,180 ,
24,24019,Charlesbourg--Haute-Saint-Charles,41090,2048143000 ,1550 ,1750 ,2340 ,2610 ,2310 ,2260 ,2520 ,3020 ,2960 ,2650 ,2540 ,2220 ,3820 ,2850 ,1860 ,1120 ,1970 ,550 ,200 ,
24,24020,Beauport--Côte-de-Beaupré--Île d'Orléans--Charlevoix,39130,1927444000 ,1420 ,1660 ,2490 ,3440 ,2570 ,2390 ,2640 ,2750 ,2850 ,2510 ,2120 ,1880 ,3040 ,2210 ,1460 ,960 ,1820 ,600 ,330 ,
24,24021,Châteauguay--Lacolle,39990,1822158000 ,2020 ,2210 ,3300 ,3470 ,2820 ,2400 ,2450 ,2640 ,2550 ,2170 ,2030 ,1850 ,2960 ,2230 ,1500 ,990 ,1740 ,440 ,230 ,
24,24022,Chicoutimi--Le Fjord,32890,1621920000 ,1430 ,1810 ,2300 ,2710 ,2110 ,1980 ,2070 ,2280 ,2180 ,2040 ,1710 ,1480 ,2290 ,1650 ,1050 ,910 ,2070 ,540 ,280 ,
24,24023,Compton--Stanstead,41630,1924918000 ,2010 ,2090 ,2940 ,3670 ,3050 ,2800 ,2740 ,3040 ,2890 ,2530 ,2230 ,1860 ,2930 ,2020 ,1390 ,900 ,1670 ,560 ,320 ,
24,24024,Dorval--Lachine--LaSalle,41560,1822701000 ,3480 ,3170 ,3780 ,3480 ,3010 ,2740 ,2670 ,2630 ,2420 ,2030 ,1740 ,1460 ,2280 ,1710 ,1230 ,890 ,1840 ,680 ,340 ,
24,24025,Drummond,40880,1775168000 ,1740 ,2580 ,3020 ,4050 ,3220 ,2850 ,2980 ,3210 ,2920 ,2560 ,2160 ,1750 ,2510 ,1720 ,1120 ,640 ,1210 ,400 ,240 ,
24,24026,Gaspésie--Les Îles-de-la-Madeleine,32850,1267088000 ,1460 ,1990 ,2830 ,4120 ,2570 ,2460 ,2920 ,2670 ,2200 ,1770 ,1370 ,1070 ,1570 ,1180 ,760 ,550 ,980 ,280 ,100 ,
24,24027,Gatineau,39510,1977369000 ,2050 ,2280 ,2850 ,2720 ,2370 ,2190 ,2270 ,2450 ,2440 ,2200 ,2080 ,1940 ,3250 ,2380 ,1870 ,1240 ,2270 ,510 ,150 ,
24,24028,Hochelaga,41260,1655626000 ,2970 ,3860 ,4040 ,3880 ,3020 ,2590 ,2540 ,2620 ,2320 ,1990 ,1690 ,1480 ,2240 ,1710 ,1230 ,820 ,1600 ,480 ,200 ,
24,24029,Honoré-Mercier,38100,1649741000 ,2850 ,2480 ,2950 ,3410 ,2970 ,2590 ,2530 ,2490 ,2310 ,2040 ,1760 ,1460 ,2260 ,1650 ,1130 ,800 ,1660 ,520 ,240 ,
24,24030,Hull--Aylmer,36970,1908289000 ,2480 ,2590 ,2830 ,2580 ,2180 ,1880 ,1830 ,1910 ,1840 ,1720 ,1640 ,1550 ,2700 ,2140 ,1760 ,1370 ,2880 ,820 ,290 ,
24,24031,Joliette,41810,1741259000 ,2480 ,2870 ,3400 ,4300 ,3330 ,2790 ,2850 ,2940 ,2770 ,2140 ,1880 ,1640 ,2620 ,1910 ,1140 ,750 ,1310 ,440 ,240 ,
24,24032,Jonquière,37070,1832839000 ,1510 ,1940 ,2250 ,2560 ,2160 ,2090 ,2220 ,2520 ,2640 ,2640 ,2260 ,1880 ,2860 ,1910 ,1260 ,1180 ,2510 ,510 ,190 ,
24,24033,La Pointe-de-l'Île,40430,1728099000 ,2470 ,2760 ,3210 ,3260 ,2720 ,2580 ,2550 ,2910 ,2670 ,2290 ,1970 ,1800 ,2810 ,2020 ,1340 ,910 ,1630 ,430 ,130 ,
24,24034,La Prairie,41800,2455108000 ,2910 ,1790 ,2340 ,2500 ,2220 ,2010 ,2050 ,2360 ,2340 ,2100 ,2130 ,1910 ,3370 ,2820 ,2090 ,1620 ,3450 ,1200 ,620 ,
24,24035,Lac-Saint-Jean,43650,1943354000 ,2170 ,2310 ,2890 ,4150 ,3080 ,2670 ,2900 ,3210 ,3040 ,2790 ,2480 ,2080 ,3010 ,2040 ,1360 ,1020 ,1830 ,460 ,200 ,
24,24036,Lac-Saint-Louis,40340,3098985000 ,3430 ,2330 ,2730 ,2380 ,1990 ,1770 ,1750 ,1850 ,1790 ,1590 ,1470 ,1310 ,2360 ,2080 ,1770 ,1440 ,4290 ,2430 ,1600 ,
24,24037,LaSalle--Émard--Verdun,40560,1611535000 ,3340 ,3320 ,3870 ,3600 ,2990 ,2580 ,2640 ,2670 ,2380 ,1970 ,1680 ,1440 ,2230 ,1730 ,1200 ,820 ,1530 ,410 ,170 ,
24,24038,Laurentides--Labelle,47190,2133606000 ,2290 ,3000 ,3850 ,5200 ,3880 ,3340 ,3210 ,3320 ,3040 ,2640 ,2130 ,1770 ,2640 ,1910 ,1210 ,900 ,1710 ,770 ,400 ,
24,24039,Laurier--Sainte-Marie,46890,2159101000 ,4020 ,4500 ,4790 ,4510 ,2770 ,2480 ,2340 ,2340 ,2200 ,1830 ,1710 ,1570 ,2600 ,2210 ,1660 ,1180 ,2680 ,980 ,540 ,
24,24040,Laval--Les Îles,40470,2069575000 ,2980 ,2450 ,3330 ,3640 ,2790 ,2310 ,2220 ,2270 ,2210 ,1900 ,1720 ,1510 ,2410 ,2120 ,1480 ,1190 ,2560 ,910 ,490 ,
24,24041,Longueuil--Charles-LeMoyne,41260,1615894000 ,2710 ,3030 ,3740 ,3560 ,3070 ,2790 ,2820 ,2940 ,2650 ,2320 ,1940 ,1620 ,2460 ,1990 ,1160 ,790 ,1320 ,300 ,70 ,
24,24042,Lévis--Lotbinière,44770,2423047000 ,1630 ,1740 ,2410 ,2910 ,2440 ,2290 ,2630 ,2920 ,3100 ,3010 ,2780 ,2390 ,3890 ,3090 ,2100 ,1430 ,2710 ,930 ,370 ,
24,24043,Longueuil--Saint-Hubert,41640,2147886000 ,2510 ,2590 ,3050 ,3060 ,2630 ,2400 ,2430 ,2670 ,2470 ,2200 ,2020 ,1740 ,2920 ,2340 ,1600 ,1230 ,2470 ,840 ,470 ,
24,24044,Louis-Hébert,40600,2690775000 ,2550 ,2180 ,2510 ,2440 ,2030 ,1840 ,1900 ,2100 ,2110 ,1950 ,1990 ,1820 ,3010 ,2680 ,1980 ,1350 ,3450 ,1620 ,1090 ,
24,24045,Louis-Saint-Laurent,45290,2469616000 ,1880 ,1760 ,2270 ,2600 ,2310 ,2290 ,2520 ,2880 ,3110 ,2900 ,2770 ,2530 ,4570 ,3360 ,2260 ,1380 ,2700 ,840 ,360 ,
24,24046,Manicouagan,37410,1983226000 ,3000 ,1680 ,1980 ,2570 ,2000 ,1930 ,2220 ,2210 ,2100 ,1930 ,1690 ,1510 ,2390 ,1830 ,1600 ,1370 ,4450 ,800 ,160 ,
24,24047,Mégantic--L'Érable,36490,1444164000 ,1310 ,1920 ,2720 ,4120 ,3370 ,2890 ,2750 ,3190 ,2950 ,2300 ,1960 ,1480 ,1880 ,1250 ,710 ,440 ,830 ,290 ,150 ,
24,24048,Mirabel,44600,2267227000 ,2160 ,1990 ,2560 ,3070 ,2660 ,2420 ,2430 ,2790 ,2790 ,2610 ,2420 ,2310 ,3750 ,3260 ,2340 ,1570 ,2640 ,640 ,200 ,
24,24049,Montarville,37060,2513752000 ,1860 ,1640 ,1860 ,1860 ,1650 ,1530 ,1590 ,1850 ,1890 ,1840 ,1750 ,1750 ,2930 ,2880 ,2130 ,1710 ,4100 ,1480 ,760 ,
24,24050,Montcalm,42200,1924114000 ,2020 ,2260 ,2780 ,3340 ,2890 ,2570 ,2680 ,2920 ,2800 ,2470 ,2310 ,2000 ,3350 ,2650 ,1680 ,1080 ,1840 ,420 ,150 ,
24,24051,Montmagny--L'Islet--Kamouraska--Rivière-du-Loup,39940,1644235000 ,1470 ,1970 ,2910 ,4340 ,3150 ,2950 ,3110 ,3180 ,3140 ,2800 ,2320 ,1740 ,2320 ,1540 ,910 ,540 ,1020 ,360 ,180 ,
24,24052,Mount Royal,36420,2905865000 ,4400 ,2670 ,3260 ,3160 ,2410 ,2140 ,1870 ,1600 ,1350 ,1210 ,1040 ,900 ,1450 ,1220 ,960 ,720 ,2310 ,1760 ,1980 ,
24,24053,Notre-Dame-de-Grâce--Westmount,37150,3790499000 ,4340 ,2800 ,2970 ,2820 ,2030 ,1770 ,1630 ,1510 ,1440 ,1280 ,1080 ,990 ,1610 ,1480 ,1160 ,900 ,2790 ,2090 ,2450 ,
24,24054,Outremont,35210,2208833000 ,4950 ,3120 ,3280 ,3050 ,2180 ,1870 ,1720 ,1500 ,1350 ,1150 ,970 ,900 ,1520 ,1330 ,1020 ,780 ,2160 ,1200 ,1160 ,
24,24055,Papineau,42410,1402032000 ,4030 ,4520 ,4930 ,4990 ,3640 ,2970 ,2640 ,2390 ,2050 ,1610 ,1380 ,1120 ,1810 ,1350 ,910 ,550 ,1110 ,310 ,110 ,
24,24056,Pierrefonds--Dollard,40780,2250226000 ,3660 ,2590 ,3400 ,3030 ,2610 ,2270 ,2110 ,2210 ,2110 ,1890 ,1570 ,1520 ,2390 ,1880 ,1480 ,1170 ,2860 ,1270 ,750 ,
24,24057,Pontiac,43410,2238226000 ,2750 ,2530 ,3060 ,3470 ,2530 ,2080 ,2190 ,2220 ,2290 ,2030 ,1960 ,1850 ,3360 ,2710 ,2160 ,1600 ,3430 ,940 ,270 ,
24,24058,Portneuf--Jacques-Cartier,45620,2590134000 ,1710 ,1900 ,2320 ,3050 ,2550 ,2290 ,2560 ,2820 ,2970 ,2750 ,2550 ,2260 ,4400 ,3260 ,2140 ,1430 ,2990 ,1070 ,570 ,
24,24059,Québec,37920,1759612000 ,1940 ,2640 ,3330 ,3490 ,2670 ,2380 ,2490 ,2450 ,2270 ,2030 ,1840 ,1650 ,2450 ,1850 ,1210 ,760 ,1550 ,590 ,340 ,
24,24060,Repentigny,45050,2384831000 ,2230 ,2000 ,2580 ,2870 ,2750 ,2450 ,2560 ,2720 ,2760 ,2630 ,2430 ,2260 ,3860 ,3150 ,2210 ,1530 ,2780 ,890 ,370 ,
24,24061,Richmond--Arthabaska,43330,1847173000 ,1820 ,2500 ,3210 ,4500 ,3620 ,3190 ,3040 ,3250 ,3040 ,2530 ,2180 ,1870 ,2650 ,1930 ,1240 ,810 ,1260 ,460 ,240 ,
24,24062,Rivière-des-Mille-Îles,40320,2228461000 ,2100 ,2130 ,2610 ,2700 ,2360 ,2110 ,2170 ,2360 ,2410 ,2180 ,1970 ,1830 ,3120 ,2610 ,1990 ,1340 ,2810 ,1050 ,480 ,
24,24063,Rivière-du-Nord,43510,1970772000 ,1910 ,2740 ,3240 ,3830 ,3190 ,2730 ,2770 ,2990 ,2800 ,2390 ,2280 ,1870 ,3050 ,2350 ,1640 ,1100 ,1870 ,560 ,220 ,
24,24064,Rosemont--La Petite-Patrie,40780,1810973000 ,2760 ,3330 ,3880 ,3730 ,2730 ,2420 ,2310 ,2470 ,2170 ,1860 ,1670 ,1420 ,2440 ,1940 ,1500 ,1070 ,2090 ,680 ,280 ,
24,24065,Marc-Aurèle-Fortin,37850,2052025000 ,2460 ,1940 ,2460 ,2400 ,2060 ,1910 ,2050 ,2210 ,2160 ,1980 ,1860 ,1680 ,2890 ,2500 ,1860 ,1350 ,2800 ,900 ,390 ,
24,24066,Saint-Hyacinthe--Bagot,40290,1753714000 ,1760 ,2420 ,2980 ,3730 ,3090 ,2820 ,2850 ,3040 ,3140 ,2540 ,2150 ,1720 ,2570 ,1800 ,1090 ,690 ,1250 ,410 ,240 ,
24,24067,Saint-Jean,43400,2092696000 ,1960 ,2340 ,2900 ,3420 ,3010 ,2620 ,2710 ,3060 ,2790 ,2540 ,2340 ,2060 ,3300 ,2590 ,1690 ,1150 ,2050 ,620 ,260 ,
24,24068,Saint-Laurent,35980,1765982000 ,4120 ,2810 ,3520 ,3320 ,2560 ,2140 ,1990 ,1820 ,1560 ,1310 ,1190 ,1000 ,1700 ,1350 ,1080 ,830 ,2090 ,970 ,620 ,
24,24069,Saint-Léonard--Saint-Michel,40290,1388519000 ,3820 ,3480 ,4210 ,4220 ,3810 ,3290 ,2820 ,2680 ,2300 ,1710 ,1420 ,1160 ,1670 ,1080 ,720 ,490 ,890 ,370 ,160 ,
24,24070,Saint-Maurice--Champlain,45920,1879665000 ,2460 ,3000 ,3560 ,4810 ,3480 ,3160 ,3200 ,3330 ,3280 ,2750 ,2340 ,1830 ,2520 ,1970 ,1260 ,870 ,1500 ,440 ,180 ,
24,24071,Salaberry--Suroît,45420,1995487000 ,2430 ,2800 ,3290 ,3970 ,3330 ,2970 ,3270 ,3130 ,2990 ,2600 ,2270 ,1950 ,2950 ,2380 ,1650 ,1000 ,1800 ,440 ,220 ,
24,24072,Shefford,44570,1994518000 ,1850 ,2590 ,3310 ,4160 ,3290 ,2880 ,3010 ,3200 ,3140 ,2790 ,2410 ,2170 ,3000 ,2040 ,1350 ,880 ,1660 ,560 ,300 ,
24,24073,Sherbrooke,42340,1761964000 ,3020 ,3350 ,3930 ,3980 ,3280 ,2870 ,2750 ,2850 ,2560 ,2150 ,1890 ,1670 ,2210 ,1670 ,1120 ,690 ,1430 ,600 ,320 ,
24,24074,Vaudreuil--Soulanges,44250,2638839000 ,2410 ,2050 ,2700 ,2610 ,2430 ,2080 ,2370 ,2540 ,2460 ,2280 ,2300 ,2130 ,3550 ,2890 ,2150 ,1670 ,3640 ,1360 ,630 ,
24,24075,Terrebonne,42220,2252758000 ,2200 ,1990 ,2460 ,2670 ,2360 ,2170 ,2300 ,2570 ,2620 ,2380 ,2240 ,2160 ,3570 ,3030 ,2140 ,1480 ,2750 ,800 ,340 ,
24,24076,Trois-Rivières,42780,1947440000 ,2150 ,2940 ,3600 ,4040 ,3120 ,2920 ,2850 ,2730 ,2620 ,2200 ,2000 ,1670 ,2510 ,1990 ,1230 ,980 ,2170 ,730 ,320 ,
24,24077,Ville-Marie--Le Sud-Ouest--Île-des-Soeurs,52460,3514930000 ,7040 ,4400 ,7380 ,5410 ,2510 ,1930 ,1770 ,1720 ,1630 ,1510 ,1390 ,1250 ,2310 ,1970 ,1570 ,1310 ,3310 ,2110 ,1930 ,
24,24078,Vimy,42230,1760794000 ,3230 ,2920 ,3910 ,4020 ,3260 ,2770 ,2750 ,2770 ,2510 ,2060 ,1800 ,1550 ,2420 ,1760 ,1300 ,870 ,1610 ,490 ,250 ,
TOTAL,,,3178820,158677775000 ,196120 ,193730 ,241340 ,269130 ,214930 ,190100 ,192510 ,201840 ,192720 ,169440 ,151260 ,131940 ,210500 ,163670 ,114120 ,81170 ,169640 ,60690 ,33970 ,
35,35001,Ajax,42370,2331467000 ,3940 ,2500 ,3030 ,2780 ,2290 ,1840 ,1870 ,1870 ,1920 ,1950 ,1770 ,1640 ,3010 ,2600 ,2140 ,1710 ,3840 ,1210 ,460 ,
35,35002,Algoma--Manitoulin--Kapuskasing,32460,1548784000 ,2540 ,1540 ,2540 ,2540 ,2410 ,1830 ,1850 ,1930 ,1730 ,1560 ,1360 ,1230 ,2200 ,1810 ,1280 ,1120 ,2330 ,520 ,140 ,
35,35003,Aurora--Oak Ridges--Richmond Hill,43060,2910333000 ,5100 ,2810 ,3490 ,2840 ,2180 ,1800 ,1580 ,1440 ,1470 ,1360 ,1320 ,1260 ,2280 ,2070 ,1960 ,1940 ,4810 ,2130 ,1230 ,
35,35004,Barrie--Innisfil,39800,2302120000 ,2310 ,1970 ,2520 ,2430 ,2320 ,1910 ,1880 ,1870 ,1950 ,1860 ,1790 ,1700 ,3050 ,2640 ,2320 ,1830 ,3910 ,1170 ,370 ,
35,35005,Barrie--Springwater--Oro-Medonte,36180,2025418000 ,2310 ,1920 ,2830 ,2540 ,2220 ,1870 ,1820 ,1810 ,1780 ,1700 ,1550 ,1450 ,2610 ,2140 ,1740 ,1430 ,2960 ,1070 ,450 ,
35,35006,Bay of Quinte,42370,2051158000 ,2440 ,2040 ,3600 ,3220 ,3070 ,2710 ,2530 ,2520 ,2420 ,2260 ,1960 ,1790 ,3350 ,2450 ,1650 ,1160 ,2260 ,650 ,290 ,
35,35007,Beaches--East York,38160,2546845000 ,3300 ,2560 ,3280 ,3070 ,2230 ,1830 ,1630 ,1570 ,1460 ,1400 ,1270 ,1150 ,2130 ,1800 ,1550 ,1440 ,3510 ,1870 ,1120 ,
35,35008,Brampton Centre,38730,1623641000 ,3630 ,2390 ,3190 ,3050 ,2650 ,2240 ,2350 ,2220 ,2270 ,2100 ,1850 ,1630 ,2710 ,2040 ,1390 ,930 ,1610 ,390 ,100 ,
35,35009,Brampton East,45870,1853234000 ,5880 ,3180 ,4570 ,4160 ,3320 ,2500 ,2530 ,2330 ,2180 ,1840 ,1720 ,1570 ,2530 ,2040 ,1440 ,1110 ,2110 ,640 ,220 ,
35,35010,Brampton North,44700,1989551000 ,4770 ,2740 ,3870 ,3500 ,2930 ,2350 ,2480 ,2320 ,2250 ,2020 ,1870 ,1740 ,3050 ,2310 ,1770 ,1320 ,2440 ,740 ,230 ,
35,35011,Brampton South,45600,1910077000 ,5620 ,3050 ,4080 ,3690 ,3110 ,2570 ,2490 ,2440 ,2230 ,2120 ,1830 ,1670 ,2690 ,2150 ,1630 ,1200 ,2210 ,610 ,240 ,
35,35012,Brampton West,45070,1991073000 ,4770 ,2790 ,3680 ,3320 ,2820 ,2290 ,2450 ,2230 ,2160 ,2070 ,2000 ,1860 ,3230 ,2730 ,2020 ,1470 ,2550 ,530 ,120 ,
35,35013,Brantford--Brant,48860,2406250000 ,3260 ,2330 ,3780 ,3600 ,3570 ,2930 ,2710 ,2810 ,2660 ,2580 ,2270 ,2120 ,3510 ,2620 ,2090 ,1640 ,3090 ,950 ,360 ,
35,35014,Bruce--Grey--Owen Sound,41690,2021872000 ,2250 ,2050 ,3320 ,3560 ,3180 ,2590 ,2530 ,2550 ,2640 ,2370 ,2040 ,1850 ,2750 ,2000 ,1350 ,1070 ,2370 ,930 ,300 ,
35,35015,Burlington,46330,3585596000 ,2380 ,1960 ,2680 ,2480 ,2460 ,2100 ,2160 ,2290 ,2280 ,2160 ,1980 ,1900 ,3310 ,2810 ,2410 ,2010 ,5170 ,2360 ,1440 ,
35,35016,Cambridge,43340,2428902000 ,2370 ,2000 ,2970 ,2830 ,2740 ,2340 ,2330 ,2270 ,2330 ,2270 ,2190 ,2150 ,3500 ,2610 ,2020 ,1610 ,3290 ,1070 ,450 ,
35,35017,Chatham-Kent--Leamington,52540,2287482000 ,2790 ,3400 ,4840 ,5140 ,5490 ,4040 ,3290 ,3040 ,2850 ,2450 ,2150 ,1930 ,2930 ,2150 ,1560 ,1140 ,2220 ,780 ,360 ,
35,35018,Davenport,40590,1878428000 ,3190 ,2750 ,3740 ,3730 ,3080 ,2440 ,2260 ,2080 ,1900 ,1690 ,1560 ,1410 ,2520 ,2140 ,1600 ,1120 ,2320 ,760 ,320 ,
35,35019,Don Valley East,34200,1967664000 ,4090 ,2370 ,3120 ,2880 ,2300 ,1880 ,1670 ,1580 ,1560 ,1380 ,1200 ,1050 ,1840 ,1410 ,1150 ,890 ,2080 ,890 ,890 ,
35,35020,Don Valley North,42930,2109803000 ,6900 ,3240 ,3860 ,3340 ,2700 ,2000 ,1920 ,1720 ,1690 ,1540 ,1350 ,1200 ,2160 ,1900 ,1540 ,1260 ,2840 ,1160 ,610 ,
35,35021,Don Valley West,36070,5689411000 ,3690 ,1980 ,2480 ,2130 ,1790 ,1360 ,1220 ,1150 ,1090 ,1080 ,940 ,890 ,1640 ,1470 ,1280 ,1190 ,3570 ,3050 ,4070 ,
35,35022,Dufferin--Caledon,48740,3215887000 ,2950 ,2260 ,2990 ,2800 ,2630 ,2200 ,2210 ,2200 ,2270 ,2070 ,2130 ,2020 ,3780 ,3390 ,2790 ,2250 ,5010 ,1870 ,940 ,
35,35023,Durham,47820,3018499000 ,3050 ,2100 ,2720 ,2390 ,2210 ,1790 ,2060 ,2310 ,2460 ,2400 ,2250 ,2050 ,3870 ,3450 ,2760 ,2330 ,5370 ,1720 ,560 ,
35,35024,Eglinton--Lawrence,39090,4519303000 ,3550 ,2310 ,2760 ,2540 ,2190 ,1870 ,1690 ,1600 ,1520 ,1430 ,1180 ,1060 ,1840 ,1610 ,1280 ,1060 ,3290 ,2760 ,3560 ,
35,35025,Elgin--Middlesex--London,43340,2300265000 ,2410 ,2090 ,2920 ,2920 ,2690 ,2370 ,2380 ,2580 ,2700 ,2500 ,2210 ,1940 ,3370 ,2530 ,1880 ,1620 ,2950 ,880 ,410 ,
35,35026,Essex,47270,3089637000 ,2450 ,1950 ,2560 ,2290 ,2280 ,2090 ,2300 ,2490 ,2830 ,2620 ,2290 ,2060 ,3660 ,3250 ,2740 ,2170 ,4700 ,1790 ,770 ,
35,35027,Etobicoke Centre,43750,3359798000 ,3630 ,2480 ,3080 ,2900 ,2570 ,2080 ,1970 ,1930 ,1950 ,1840 ,1690 ,1560 ,2800 ,2360 ,1890 ,1610 ,3810 ,1960 ,1650 ,
35,35028,Etobicoke--Lakeshore,47250,3467184000 ,3630 ,2590 ,3410 ,3340 ,2750 ,2210 ,2070 ,2130 ,2110 ,1980 ,1740 ,1700 ,2950 ,2530 ,2130 ,1760 ,4380 ,2220 ,1630 ,
35,35029,Etobicoke North,44980,1545746000 ,5730 ,3830 ,4770 ,4380 ,3400 ,2810 ,2830 ,2630 ,2400 ,1950 ,1700 ,1420 ,2250 ,1500 ,1080 ,760 ,1180 ,260 ,90 ,
35,35030,Flamborough--Glanbrook,38920,2546905000 ,2200 ,1640 ,2220 ,1950 ,1890 ,1650 ,1710 ,1890 ,1890 ,1850 ,1760 ,1660 ,3200 ,2730 ,2350 ,1970 ,4220 ,1520 ,650 ,
35,35031,Glengarry--Prescott--Russell,43910,2378562000 ,1970 ,1730 ,2870 ,3230 ,2710 ,2250 ,2320 ,2490 ,2530 ,2470 ,2250 ,2060 ,3550 ,2930 ,2210 ,1740 ,3370 ,880 ,340 ,
35,35032,Guelph,48890,2895985000 ,2960 ,2480 ,3210 ,2770 ,2520 ,2330 ,2260 ,2530 ,2670 ,2560 ,2490 ,2290 ,3870 ,3050 ,2450 ,1950 ,4220 ,1630 ,650 ,
35,35033,Haldimand--Norfolk,43050,2199505000 ,2380 ,2030 ,2960 ,3040 ,2850 ,2360 ,2480 ,2550 ,2510 ,2350 ,2140 ,1860 ,3350 ,2660 ,2040 ,1590 ,2840 ,780 ,290 ,
35,35034,Haliburton--Kawartha Lakes--Brock,44290,2215970000 ,2430 ,2110 ,3240 ,3490 ,3070 ,2500 ,2620 ,2670 ,2820 ,2490 ,2220 ,1910 ,3200 ,2440 ,1750 ,1370 ,2790 ,830 ,360 ,
35,35035,Hamilton Centre,37430,1432906000 ,3300 ,2940 ,4930 ,3800 ,3020 ,2360 ,2160 ,2020 ,1780 ,1640 ,1390 ,1250 ,1960 ,1370 ,940 ,740 ,1180 ,450 ,190 ,
35,35036,Hamilton East--Stoney Creek,41280,1981689000 ,2790 ,2050 ,3160 ,2870 ,2880 ,2520 ,2610 ,2610 ,2580 ,2210 ,2020 ,1800 ,2950 ,2210 ,1630 ,1210 ,2320 ,630 ,240 ,
35,35037,Hamilton Mountain,39210,1800156000 ,3050 ,2110 ,3150 ,2540 ,2510 ,2300 ,2260 ,2350 ,2400 ,2110 ,1900 ,1690 ,2900 ,2240 ,1640 ,1270 ,2180 ,470 ,140 ,
35,35038,Hamilton West--Ancaster--Dundas,41030,2715848000 ,3390 ,2150 ,2780 ,2190 ,2030 ,1780 ,1800 ,1870 ,1860 ,1740 ,1570 ,1520 ,2810 ,2530 ,2040 ,1810 ,4130 ,1980 ,1040 ,
35,35039,Hastings--Lennox and Addington,41220,1955822000 ,2460 ,1860 ,3300 ,3320 ,3080 ,2400 ,2330 ,2510 ,2470 ,2400 ,2060 ,1770 ,3030 ,2340 ,1630 ,1130 ,2270 ,620 ,230 ,
35,35040,Huron--Bruce,40230,2434791000 ,1750 ,1700 ,2610 ,2740 ,2600 ,2120 ,2080 ,2200 ,2370 ,2190 ,1890 ,1700 ,2920 ,2240 ,1650 ,1380 ,3640 ,2000 ,450 ,
35,35041,Kanata--Carleton,39850,3007713000 ,2400 ,1710 ,2140 ,1860 ,1510 ,1300 ,1360 ,1390 ,1480 ,1500 ,1440 ,1430 ,2930 ,2770 ,2600 ,2360 ,6330 ,2500 ,850 ,
35,35042,Kenora,22550,1017167000 ,4240 ,1450 ,1490 ,1370 ,1050 ,900 ,900 ,940 ,930 ,970 ,870 ,870 ,1480 ,1180 ,850 ,750 ,1740 ,460 ,110 ,
35,35043,King--Vaughan,47440,3455073000 ,4030 ,2620 ,3510 ,3100 ,2540 ,2180 ,2030 ,1870 ,1810 ,1830 ,1650 ,1570 ,3020 ,2640 ,2440 ,2050 ,4940 ,2250 ,1370 ,
35,35044,Kingston and the Islands,41790,2330455000 ,2830 ,2250 ,3360 ,2840 ,2410 ,2040 ,2080 ,2210 ,2020 ,2030 ,1740 ,1630 ,3340 ,2600 ,1980 ,1540 ,3100 ,1310 ,520 ,
35,35045,Kitchener Centre,39240,1938089000 ,2430 ,2140 ,3250 ,2900 ,2550 ,2370 ,2340 ,2450 ,2270 ,2130 ,1850 ,1720 ,2700 ,2070 ,1550 ,1200 ,2300 ,720 ,310 ,
35,35046,Kitchener--Conestoga,35250,2201623000 ,1820 ,1460 ,1930 ,1800 ,1780 ,1580 ,1680 ,1660 ,1860 ,1830 ,1710 ,1780 ,3030 ,2610 ,1980 ,1670 ,3450 ,1120 ,490 ,
35,35047,Kitchener South--Hespeler,39100,2300781000 ,2510 ,1840 ,2530 ,2310 ,2110 ,1920 ,1950 ,2130 ,2180 ,2050 ,1940 ,1770 ,3040 ,2420 ,1910 ,1600 ,3230 ,1160 ,510 ,
35,35048,Lambton--Kent--Middlesex,39880,2164435000 ,2430 ,1940 ,2660 ,2680 ,2590 ,2130 ,2130 ,2290 ,2340 ,2200 ,2000 ,1810 ,3100 ,2280 ,1650 ,1380 ,2820 ,990 ,460 ,
35,35049,Lanark--Frontenac--Kingston,38400,2062443000 ,1970 ,1720 ,2690 ,2590 ,2330 ,1960 ,2070 ,2150 ,2250 ,2090 ,1950 ,1760 ,3200 ,2430 ,1910 ,1430 ,2790 ,800 ,320 ,
35,35050,Leeds--Grenville--Thousand Islands and Rideau Lakes,40000,2082916000 ,2100 ,1880 ,2960 ,2850 ,2630 ,2230 ,2270 ,2410 ,2510 ,2300 ,1960 ,1700 ,2980 ,2400 ,1710 ,1430 ,2560 ,800 ,340 ,
35,35051,London--Fanshawe,43620,1810056000 ,3340 ,2740 ,3800 ,3300 ,3070 ,2560 ,2620 ,2770 ,2870 ,2650 ,2240 ,1980 ,3230 ,2050 ,1340 ,1070 ,1600 ,310 ,110 ,
35,35052,London North Centre,45070,2539954000 ,4590 ,3040 ,3970 ,3360 ,2820 ,2300 ,2090 ,2180 ,2180 ,1990 ,1720 ,1500 ,2730 ,2040 ,1640 ,1410 ,3170 ,1470 ,880 ,
35,35053,London West,45170,2710469000 ,3390 ,2470 ,3160 ,2870 ,2630 ,2090 ,2080 ,2120 ,2180 ,2190 ,1940 ,1790 ,3320 ,2750 ,2080 ,1920 ,3920 ,1520 ,760 ,
35,35054,Markham--Stouffville,45790,2917395000 ,4200 ,2370 ,3380 ,2990 ,2320 ,1920 ,1810 ,1880 ,1910 ,1910 ,1700 ,1600 ,3080 ,2670 ,2260 ,2130 ,4760 ,1920 ,990 ,
35,35055,Markham--Thornhill,41520,1962064000 ,5650 ,3240 ,4820 ,3980 ,2670 ,2050 ,1910 ,1830 ,1750 ,1500 ,1290 ,1180 ,1930 ,1550 ,1240 ,1000 ,2310 ,1020 ,590 ,
35,35056,Markham--Unionville,46340,2839486000 ,6590 ,3140 ,4330 ,3530 ,2540 ,1910 ,1780 ,1740 ,1540 ,1520 ,1340 ,1270 ,2290 ,1990 ,1900 ,1670 ,4310 ,1910 ,1060 ,
35,35057,Milton,38380,2609371000 ,2900 ,1740 ,2180 ,2050 ,1690 ,1520 ,1450 ,1440 ,1600 ,1640 ,1660 ,1570 ,2980 ,2720 ,2300 ,2030 ,4560 ,1630 ,710 ,
35,35058,Mississauga Centre,48640,2184354000 ,6440 ,3180 ,4230 ,3840 ,2960 ,2580 ,2410 ,2310 ,2270 ,2060 ,1830 ,1700 ,2880 ,2430 ,1910 ,1450 ,3010 ,860 ,310 ,
35,35059,Mississauga East--Cooksville,46320,2097930000 ,4410 ,2930 ,4070 ,3810 ,3300 ,2650 ,2620 ,2550 ,2410 ,2180 ,1910 ,1800 ,2940 ,2300 ,1720 ,1230 ,2410 ,780 ,320 ,
35,35060,Mississauga--Erin Mills,45600,2513309000 ,5760 ,2800 ,3530 ,3090 ,2550 ,1990 ,1890 ,1860 ,1810 ,1670 ,1610 ,1500 ,2690 ,2420 ,2120 ,1660 ,4260 ,1740 ,660 ,
35,35061,Mississauga--Lakeshore,44440,3519885000 ,3450 ,2350 ,3130 ,2740 ,2460 ,1990 ,2050 ,2100 ,1980 ,1950 ,1760 ,1630 ,2850 ,2330 ,1900 ,1580 ,4000 ,2310 ,1900 ,
35,35062,Mississauga--Malton,45990,1997490000 ,5740 ,3200 ,4350 ,3940 ,3120 ,2580 ,2440 ,2460 ,2110 ,2050 ,1800 ,1520 ,2560 ,2000 ,1490 ,1230 ,2380 ,750 ,280 ,
35,35063,Mississauga--Streetsville,45040,2618713000 ,4300 ,2600 ,3260 ,2760 ,2380 ,2050 ,1990 ,1950 ,1930 ,1940 ,1820 ,1660 ,3090 ,2690 ,2250 ,1860 ,4270 ,1590 ,660 ,
35,35064,Nepean,45210,2975883000 ,3120 ,2130 ,2670 ,2310 ,1950 ,1700 ,1650 ,1780 ,1860 ,1840 ,1790 ,1730 ,3580 ,3160 ,2970 ,2500 ,5880 ,1930 ,660 ,
35,35065,Newmarket--Aurora,44420,3013761000 ,3630 ,2430 ,3170 ,2610 ,2220 ,1970 ,1870 ,1830 ,1790 ,1790 ,1660 ,1520 ,2790 ,2540 ,2300 ,2050 ,5060 ,2140 ,1060 ,
35,35066,Niagara Centre,42560,1975373000 ,2800 ,2180 ,3530 ,2920 ,2940 ,2690 ,2910 ,2730 ,2630 ,2390 ,2050 ,1810 ,2900 ,2050 ,1490 ,1270 ,2380 ,650 ,230 ,
35,35067,Niagara Falls,52500,2608734000 ,3090 ,2990 ,4230 ,4120 ,3830 ,3220 ,3260 ,3370 ,3120 ,2780 ,2450 ,2070 ,3420 ,2570 ,1900 ,1500 ,3120 ,990 ,500 ,
35,35068,Niagara West,34590,2234771000 ,1550 ,1460 ,1860 ,1830 ,2020 ,1730 ,1700 ,1790 ,1810 ,1670 ,1610 ,1570 ,2800 ,2360 ,1900 ,1620 ,3460 ,1300 ,570 ,
35,35069,Nickel Belt,37260,2247591000 ,1690 ,1370 ,2260 ,2070 ,1870 ,1530 ,1770 ,2260 ,2150 ,2090 ,1830 ,1640 ,2820 ,2230 ,1970 ,1710 ,4620 ,1130 ,260 ,
35,35070,Nipissing--Timiskaming,35750,1840930000 ,2060 ,1890 ,3040 ,2830 ,2530 ,2020 ,1940 ,1990 ,1910 ,1910 ,1630 ,1580 ,2620 ,1840 ,1410 ,1140 ,2310 ,760 ,320 ,
35,35071,Northumberland--Peterborough South,41940,2375017000 ,2070 ,1820 ,2650 ,2670 ,2620 ,2190 ,2290 ,2550 ,2570 ,2330 ,2140 ,1950 ,3160 ,2490 ,1970 ,1560 ,3360 ,1100 ,460 ,
35,35072,Oakville,45050,5290149000 ,3550 ,2340 ,2770 ,2360 ,2050 ,1760 ,1650 ,1620 ,1650 ,1570 ,1420 ,1370 ,2480 ,2210 ,1860 ,1630 ,5440 ,3700 ,3620 ,
35,35073,Oakville North--Burlington,44490,3795489000 ,3520 ,2180 ,2480 ,2110 ,1770 ,1450 ,1420 ,1470 ,1500 ,1470 ,1380 ,1370 ,2690 ,2500 ,2490 ,2280 ,6810 ,3670 ,1920 ,
35,35074,Oshawa,47050,2305399000 ,3210 ,2690 ,3780 ,3040 ,2720 ,2420 ,2480 ,2700 ,2980 ,2740 ,2440 ,2110 ,3460 ,2740 ,2200 ,1500 ,2840 ,760 ,260 ,
35,35075,Ottawa Centre,42960,3264407000 ,3040 ,2220 ,3330 ,2700 ,2030 ,1620 ,1610 ,1540 ,1540 ,1450 ,1390 ,1450 ,2610 ,2520 ,2280 ,1990 ,5610 ,2670 ,1360 ,
35,35076,Orléans,47070,3128499000 ,2720 ,2000 ,2620 ,2230 ,1820 ,1650 ,1740 ,1900 ,1940 ,1990 ,1930 ,2060 ,4010 ,3500 ,3260 ,2870 ,6310 ,2000 ,540 ,
35,35077,Ottawa South,43350,2412147000 ,4340 ,2740 ,3530 ,3000 ,2430 ,2050 ,1870 ,1840 ,1830 ,1690 ,1580 ,1490 ,2800 ,2440 ,2050 ,1700 ,3910 ,1470 ,600 ,
35,35078,Ottawa--Vanier,39650,2320446000 ,3100 ,2660 ,3750 ,3020 ,2320 ,1910 ,1770 ,1850 ,1770 ,1670 ,1450 ,1370 ,2340 ,2070 ,1700 ,1440 ,3360 ,1440 ,670 ,
35,35079,Ottawa West--Nepean,40090,2283720000 ,3300 ,2250 ,3200 ,2820 ,2310 ,1940 ,1890 ,1890 ,1860 ,1690 ,1550 ,1360 ,2640 ,2310 ,2030 ,1570 ,3700 ,1290 ,510 ,
35,35080,Oxford,46540,2494715000 ,1990 ,1940 ,2900 ,2870 ,2950 ,2490 ,2620 ,2780 ,2900 ,2790 ,2680 ,2470 ,3970 ,2800 ,2150 ,1880 ,3130 ,850 ,390 ,
35,35081,Parkdale--High Park,37380,2704738000 ,2860 ,2400 ,3200 ,2900 ,2170 ,1690 ,1590 ,1540 ,1550 ,1410 ,1230 ,1140 ,2120 ,1800 ,1490 ,1290 ,3490 ,2130 ,1420 ,
35,35082,Parry Sound--Muskoka,36930,1799721000 ,2170 ,1870 ,2770 ,3080 ,2780 ,2280 ,2290 ,2380 ,2220 ,2090 ,1840 ,1660 ,2580 ,1870 ,1300 ,940 ,1810 ,660 ,340 ,
35,35083,Perth--Wellington,41640,2214044000 ,1610 ,1760 ,2690 ,2860 ,2670 ,2330 ,2330 ,2600 ,2660 ,2570 ,2420 ,2230 ,3560 ,2640 ,1760 ,1340 ,2460 ,790 ,380 ,
35,35084,Peterborough--Kawartha,44020,2195081000 ,2820 ,2370 ,3700 ,3360 ,3040 ,2600 ,2680 ,2660 ,2520 ,2200 ,1910 ,1770 ,3000 ,2220 ,1760 ,1360 ,2720 ,950 ,420 ,
35,35085,Pickering--Uxbridge,41820,2677600000 ,3330 ,2250 ,2820 ,2530 ,2220 ,1820 ,1820 ,1810 ,1910 ,1820 ,1730 ,1580 ,2890 ,2570 ,2200 ,1800 ,4170 ,1750 ,810 ,
35,35086,Renfrew--Nipissing--Pembroke,43780,2264176000 ,2110 ,1930 ,2980 ,3170 ,2770 ,2180 ,2450 ,2380 ,2370 ,2300 ,2180 ,1940 ,4600 ,3140 ,2140 ,1510 ,2670 ,740 ,250 ,
35,35087,Richmond Hill,44320,2524753000 ,5990 ,3000 ,4240 ,3280 ,2410 ,1990 ,1850 ,1800 ,1670 ,1580 ,1360 ,1300 ,2290 ,2010 ,1680 ,1420 ,3770 ,1700 ,970 ,
35,35088,Carleton,34140,2700003000 ,1870 ,1430 ,1580 ,1420 ,1270 ,1080 ,1100 ,1200 ,1250 ,1230 ,1290 ,1270 ,2660 ,2480 ,2240 ,2090 ,5650 ,2180 ,860 ,
35,35089,St. Catharines,41770,2031421000 ,2780 ,2250 ,3510 ,3370 ,2780 ,2530 ,2570 ,2640 ,2470 ,2330 ,2070 ,1720 ,2750 ,1970 ,1510 ,1220 ,2230 ,710 ,360 ,
35,35090,Toronto--St. Paul's,37550,4963412000 ,2990 ,1910 ,2440 ,2450 ,1960 ,1660 ,1480 ,1430 ,1450 ,1340 ,1250 ,1140 ,2030 ,1900 ,1510 ,1310 ,3450 ,2610 ,3240 ,
35,35091,Sarnia--Lambton,41090,2736445000 ,2150 ,1940 ,2530 ,2170 ,2120 ,1760 ,1930 ,1980 ,2070 ,1980 ,1870 ,1710 ,3030 ,2580 ,2050 ,1790 ,4560 ,2220 ,670 ,
35,35092,Sault Ste. Marie,31700,1616407000 ,1890 ,1560 ,2350 ,1900 ,1870 ,1890 ,2180 ,2090 ,1850 ,1580 ,1320 ,1240 ,2040 ,1980 ,1680 ,1310 ,2310 ,490 ,190 ,
35,35093,Scarborough--Agincourt,41010,1535302000 ,6040 ,3390 ,4860 ,4180 ,2950 ,2360 ,2120 ,1880 ,1690 ,1520 ,1290 ,1130 ,1880 ,1440 ,1140 ,820 ,1710 ,450 ,190 ,
35,35094,Scarborough Centre,40930,1471018000 ,5000 ,3120 ,4370 ,3830 ,3080 ,2620 ,2480 ,2280 ,2120 ,1810 ,1590 ,1330 ,2090 ,1610 ,1100 ,840 ,1300 ,310 ,80 ,
35,35095,Scarborough--Guildwood,37730,1435880000 ,5380 ,3020 ,3980 ,3420 ,2680 ,2270 ,2050 ,1890 ,1760 ,1610 ,1280 ,1240 ,1840 ,1500 ,1030 ,760 ,1340 ,410 ,250 ,
35,35096,Scarborough North,39970,1298734000 ,5840 ,3580 ,5170 ,4300 ,2850 ,2270 ,2110 ,1950 ,1800 ,1560 ,1360 ,1020 ,1750 ,1300 ,870 ,660 ,1220 ,280 ,80 ,
35,35097,Scarborough--Rouge Park,37690,1700030000 ,4220 ,2640 ,3450 ,2990 ,2260 ,2000 ,2010 ,1940 ,1850 ,1780 ,1590 ,1330 ,2230 ,1830 ,1260 ,1090 ,2290 ,690 ,250 ,
35,35098,Scarborough Southwest,39680,1717159000 ,4450 ,3250 ,4070 ,3660 ,2740 ,2290 ,2090 ,1960 ,1880 ,1720 ,1460 ,1190 ,2130 ,1740 ,1220 ,970 ,1900 ,630 ,350 ,
35,35099,Simcoe--Grey,49680,2884585000 ,2370 ,2080 ,3170 ,3220 ,3160 ,2710 ,2620 ,2670 ,2710 ,2600 ,2270 ,2230 ,4010 ,3460 ,2550 ,1990 ,3910 ,1330 ,610 ,
35,35100,Simcoe North,42720,2028371000 ,3030 ,2340 ,3540 ,3460 ,3240 ,2550 ,2510 ,2470 ,2380 ,2240 ,1960 ,1790 ,2870 ,2170 ,1590 ,1130 ,2320 ,830 ,320 ,
35,35101,Spadina--Fort York,41890,3660359000 ,3690 ,2030 ,2720 ,2330 ,1740 ,1490 ,1430 ,1440 ,1470 ,1470 ,1440 ,1350 ,2690 ,2610 ,2370 ,1940 ,5250 ,2650 ,1790 ,
35,35102,Stormont--Dundas--South Glengarry,39780,1821872000 ,2550 ,2040 ,3240 ,3390 ,3030 ,2590 ,2390 ,2450 ,2480 ,2120 ,1890 ,1730 ,2770 ,1970 ,1360 ,1040 ,2000 ,530 ,210 ,
35,35103,Sudbury,35240,2043777000 ,2180 ,1870 ,2830 ,2170 ,1930 ,1660 ,1740 ,2050 ,2080 ,1760 ,1610 ,1310 ,2520 ,1910 ,1530 ,1320 ,3270 ,1080 ,430 ,
35,35104,Thornhill,45070,3124383000 ,5060 ,2850 ,3770 ,3200 ,2320 ,1990 ,1880 ,1760 ,1690 ,1750 ,1510 ,1380 ,2470 ,2110 ,1880 ,1690 ,4250 ,2180 ,1340 ,
35,35105,Thunder Bay--Rainy River,31950,1626551000 ,2460 ,1530 ,2200 ,2020 ,1860 ,1560 ,1670 ,1750 ,1780 ,1780 ,1670 ,1540 ,2660 ,1960 ,1380 ,1090 ,2190 ,650 ,200 ,
35,35106,Thunder Bay--Superior North,31740,1701319000 ,2210 ,1580 ,2200 ,1980 ,1880 ,1590 ,1710 ,1640 ,1740 ,1580 ,1370 ,1320 ,2390 ,1950 ,1520 ,1290 ,2710 ,860 ,240 ,
35,35107,Timmins--James Bay,31200,1734525000 ,2410 ,1420 ,2280 ,2170 ,1980 ,1490 ,1450 ,1430 ,1370 ,1340 ,1200 ,1180 ,2170 ,1820 ,1450 ,1410 ,3580 ,860 ,230 ,
35,35108,Toronto Centre,42200,2750992000 ,4650 ,3400 ,4540 ,3650 ,2280 ,1850 ,1690 ,1640 ,1540 ,1460 ,1360 ,1150 ,2180 ,1920 ,1600 ,1330 ,3140 ,1640 ,1190 ,
35,35109,Toronto--Danforth,38380,2380493000 ,3230 ,2580 ,3630 ,3480 ,2360 ,1720 ,1530 ,1570 ,1430 ,1310 ,1120 ,1080 ,1900 ,1720 ,1570 ,1460 ,3700 ,2040 ,970 ,
35,35110,University--Rosedale,44130,5148499000 ,4960 ,2850 ,5440 ,4220 ,2580 ,1800 ,1540 ,1450 ,1320 ,1130 ,1050 ,960 ,1780 ,1680 ,1310 ,1180 ,3310 ,2360 ,3210 ,
35,35111,Vaughan--Woodbridge,40540,2559604000 ,2890 ,2080 ,2690 ,2690 ,2650 ,2100 ,2010 ,1900 ,1880 ,1760 ,1560 ,1500 ,2670 ,2410 ,1980 ,1720 ,3710 ,1550 ,810 ,
35,35112,Waterloo,41670,2888942000 ,4400 ,2230 ,2720 ,2270 ,1950 ,1660 ,1690 ,1800 ,1730 ,1630 ,1520 ,1430 ,2720 ,2330 ,2000 ,1900 ,4420 ,2230 ,1070 ,
35,35113,Wellington--Halton Hills,45640,3265661000 ,2480 ,1920 ,2450 ,2260 ,2290 ,1980 ,2070 ,2190 ,2270 ,2200 ,1990 ,1910 ,3600 ,2910 ,2490 ,2190 ,5030 ,2250 ,1160 ,
35,35114,Whitby,45720,3100216000 ,3300 ,2350 ,2750 ,2420 ,2030 ,1720 ,1870 ,1790 ,1850 ,1860 ,1780 ,1650 ,3290 ,2950 ,2610 ,2370 ,6020 ,2240 ,880 ,
35,35115,Willowdale,52990,2555054000 ,8690 ,4730 ,5940 ,5470 ,3990 ,2330 ,1850 ,1630 ,1570 ,1440 ,1260 ,1180 ,2070 ,1960 ,1640 ,1400 ,3390 ,1560 ,910 ,
35,35116,Windsor--Tecumseh,44670,2382498000 ,3000 ,2220 ,3280 ,2810 ,2570 ,2250 ,2370 ,2610 ,2980 ,2720 ,2340 ,1950 ,3080 ,2500 ,2050 ,1500 ,3020 ,1010 ,410 ,
35,35117,Windsor West,46820,2071952000 ,5600 ,3470 ,4650 ,3670 ,2910 ,2380 ,2350 ,2300 ,2350 ,2200 ,1800 ,1530 ,2510 ,2090 ,1660 ,1240 ,2800 ,1010 ,310 ,
35,35118,York Centre,38140,1938415000 ,3970 ,2710 ,3740 ,3450 ,2850 ,2280 ,2180 ,2050 ,1830 ,1620 ,1350 ,1180 ,2030 ,1590 ,1120 ,880 ,1880 ,810 ,630 ,
35,35119,York--Simcoe,38360,2198294000 ,2340 ,1820 ,2730 ,2380 ,2310 ,1900 ,1810 ,1930 ,1850 ,1830 ,1710 ,1630 ,3090 ,2550 ,2100 ,1630 ,3350 ,1010 ,390 ,
35,35120,York South--Weston,41970,1604466000 ,3990 ,3430 ,4370 ,3960 ,3220 ,2760 ,2510 ,2450 ,2150 ,1910 ,1710 ,1400 ,2330 ,1830 ,1310 ,870 ,1350 ,310 ,120 ,
35,35121,Humber River--Black Creek,40460,1290755000 ,5160 ,3550 ,4440 ,4220 ,3280 ,2630 ,2580 ,2500 ,2130 ,1840 ,1510 ,1250 ,1840 ,1210 ,860 ,510 ,770 ,140 ,50 ,
TOTAL,,,5062600,296329277000 ,417970 ,286720 ,397590 ,360060 ,308130 ,255070 ,250630 ,251980 ,248560 ,232470 ,209550 ,191690 ,336760 ,275070 ,219290 ,179660 ,399210 ,157240 ,84960 ,
46,46001,Brandon--Souris,32890,1775610000 ,1590 ,1600 ,2120 ,2190 ,2010 ,1820 ,1910 ,2010 ,1990 ,2070 ,1690 ,1550 ,2750 ,2080 ,1460 ,990 ,2070 ,640 ,360 ,
46,46002,Charleswood--St. James--Assiniboia--Headingley,30990,1980075000 ,1590 ,1240 ,1460 ,1590 ,1590 ,1570 ,1650 ,1710 ,1770 ,1710 ,1740 ,1650 ,2860 ,2240 ,1710 ,1140 ,2480 ,850 ,450 ,
46,46003,Churchill--Keewatinook Aski,28290,891437000 ,12510 ,1570 ,1400 ,1540 ,870 ,780 ,740 ,670 ,620 ,650 ,510 ,450 ,890 ,840 ,820 ,740 ,2140 ,490 ,70 ,
46,46004,Dauphin--Swan River--Neepawa,34080,1454794000 ,4280 ,1770 ,2350 ,3100 ,2260 ,1830 ,1990 ,1990 ,1930 ,1840 ,1510 ,1280 ,2150 ,1610 ,1140 ,770 ,1640 ,440 ,220 ,
46,46005,Elmwood--Transcona,34070,1588793000 ,2200 ,1540 ,1860 ,1980 ,2050 ,2100 ,2200 ,2350 ,2370 ,2150 ,2040 ,1930 ,2870 ,2180 ,1430 ,860 ,1590 ,300 ,90 ,
46,46006,Kildonan--St. Paul,31520,1823735000 ,2050 ,1320 ,1630 ,1750 ,1870 ,1730 ,1820 ,1910 ,1860 ,1740 ,1700 ,1550 ,2620 ,1990 ,1540 ,1040 ,2210 ,780 ,410 ,
46,46007,Portage--Lisgar,34920,1730426000 ,2020 ,1700 ,2400 ,2510 ,2120 ,2060 ,2220 ,2400 ,2520 ,2310 ,1900 ,1550 ,2520 ,1910 ,1270 ,830 ,1700 ,680 ,310 ,
46,46008,Provencher,36590,1947987000 ,1860 ,1470 ,1980 ,2360 ,2200 ,2030 ,2200 ,2310 ,2350 ,2300 ,2070 ,1840 ,3120 ,2300 ,1780 ,1160 ,2370 ,630 ,280 ,
46,46009,Saint Boniface--Saint Vital,33340,1920881000 ,2120 ,1590 ,1960 ,1900 ,1880 ,1790 ,1910 ,1930 ,1920 ,1800 ,1600 ,1540 ,2630 ,2110 ,1710 ,1130 ,2540 ,870 ,410 ,
46,46010,Selkirk--Interlake--Eastman,36770,1903654000 ,2750 ,1640 ,2050 ,2490 ,2260 ,1990 ,2040 ,2010 ,2190 ,1990 ,1860 ,1740 ,2930 ,2360 ,1670 ,1260 ,2550 ,740 ,270 ,
46,46011,Winnipeg Centre,34390,1233795000 ,4330 ,2930 ,3670 ,3230 ,2520 ,2460 ,2350 ,2250 ,1920 ,1600 ,1300 ,1060 ,1570 ,990 ,640 ,410 ,760 ,230 ,190 ,
46,46012,Winnipeg North,34810,1238265000 ,3860 ,2440 ,2790 ,2820 ,2520 ,2460 ,2550 ,2680 ,2230 ,1980 ,1710 ,1450 ,2000 ,1220 ,810 ,440 ,690 ,120 ,40 ,
46,46013,Winnipeg South,38470,2185118000 ,5250 ,2020 ,2230 ,1960 ,1850 ,1680 ,1690 ,1660 ,1780 ,1700 ,1570 ,1550 ,2680 ,2270 ,1950 ,1450 ,3420 ,1200 ,560 ,
46,46014,Winnipeg South Centre,34180,2602455000 ,2610 ,1760 ,1890 ,1930 ,1830 ,1660 ,1720 ,1680 ,1630 ,1590 ,1520 ,1400 ,2490 ,1970 ,1680 ,1180 ,2980 ,1480 ,1190 ,
TOTAL,,,475300,24277026000 ,48980 ,24580 ,29790 ,31350 ,27810 ,25940 ,26990 ,27530 ,27070 ,25420 ,22710 ,20540 ,34100 ,26070 ,19600 ,13420 ,29140 ,9430 ,4830 ,
47,47001,Battlefords--Lloydminster,27230,1518110000 ,3030 ,1060 ,1260 ,1770 ,1370 ,1270 ,1230 ,1250 ,1380 ,1360 ,1200 ,1120 ,2000 ,1780 ,1370 ,1080 ,2530 ,940 ,250 ,
47,47002,Cypress Hills--Grasslands,27370,1634737000 ,980 ,990 ,1450 ,2140 ,1610 ,1420 ,1530 ,1550 ,1760 ,1590 ,1400 ,1160 ,2170 ,1650 ,1320 ,1020 ,2280 ,980 ,390 ,
47,47003,Desnethé--Missinippi--Churchill River,23050,813616000 ,7500 ,1400 ,1360 ,1860 ,1020 ,890 ,780 ,730 ,690 ,660 ,600 ,500 ,950 ,890 ,670 ,570 ,1490 ,410 ,90 ,
47,47004,Carlton Trail--Eagle Creek,29180,1827149000 ,1610 ,1110 ,1430 ,1940 ,1490 ,1200 ,1290 ,1340 ,1490 ,1490 ,1340 ,1300 ,2450 ,2060 ,1560 ,1300 ,3290 ,1190 ,310 ,
47,47005,Moose Jaw--Lake Centre--Lanigan,30460,1931192000 ,1450 ,1070 ,1350 ,1990 ,1650 ,1470 ,1440 ,1610 ,1700 ,1660 ,1500 ,1350 ,2400 ,1980 ,1580 ,1260 ,3370 ,1230 ,400 ,
47,47006,Prince Albert,32350,1699545000 ,3140 ,1510 ,1810 ,2570 ,2010 ,1770 ,1680 ,1650 ,1610 ,1620 ,1390 ,1300 ,2270 ,1860 ,1480 ,1130 ,2470 ,830 ,260 ,
47,47007,Regina--Lewvan,34280,2328439000 ,1630 ,1140 ,1340 ,1580 ,1450 ,1510 ,1440 ,1670 ,1780 ,1790 ,1720 ,1690 ,2860 ,2470 ,2230 ,1760 ,4290 ,1460 ,460 ,
47,47008,Regina--Qu'Appelle,28700,1542551000 ,2500 ,1290 ,1600 ,2100 ,1640 ,1490 ,1500 ,1550 ,1580 ,1490 ,1380 ,1220 ,2060 ,1710 ,1360 ,990 ,2260 ,750 ,280 ,
47,47009,Regina--Wascana,32180,2189614000 ,2160 ,1350 ,1600 ,2160 ,1720 ,1490 ,1520 ,1580 ,1570 ,1570 ,1410 ,1290 ,2330 ,1970 ,1650 ,1300 ,3480 ,1380 ,670 ,
47,47010,Saskatoon--Grasswood,30610,2273272000 ,1790 ,1160 ,1340 ,1650 ,1390 ,1340 ,1480 ,1460 ,1510 ,1450 ,1440 ,1350 ,2260 ,2000 ,1680 ,1290 ,3700 ,1620 ,720 ,
47,47011,Saskatoon--University,29800,2159924000 ,1890 ,1270 ,1400 ,1520 ,1410 ,1360 ,1320 ,1340 ,1380 ,1340 ,1290 ,1200 ,2130 ,1790 ,1670 ,1390 ,3680 ,1700 ,730 ,
47,47012,Saskatoon West,31680,1641549000 ,2280 ,1600 ,1940 ,2260 ,1800 ,1620 ,1710 ,1870 ,1900 ,1750 ,1610 ,1530 ,2540 ,1850 ,1390 ,970 ,2190 ,640 ,200 ,
47,47013,Souris--Moose Mountain,29860,2078809000 ,1810 ,970 ,1240 ,1850 ,1430 ,1370 ,1230 ,1350 ,1480 ,1470 ,1290 ,1240 ,2320 ,1990 ,1620 ,1320 ,3860 ,1540 ,480 ,
47,47014,Yorkton--Melville,27800,1506729000 ,1770 ,1150 ,1760 ,2730 ,1870 ,1450 ,1450 ,1370 ,1460 ,1470 ,1210 ,1090 ,1880 ,1470 ,1160 ,950 ,2520 ,810 ,250 ,
TOTAL,,,414550,25145235000 ,33530 ,17060 ,20860 ,28110 ,21860 ,19630 ,19580 ,20300 ,21260 ,20720 ,18780 ,17330 ,30610 ,25490 ,20760 ,16320 ,41400 ,15470 ,5490 ,
48,48001,Banff--Airdrie,49480,4833876000 ,2820 ,1610 ,1640 ,2030 ,2020 ,1950 ,1890 ,2050 ,2100 ,1970 ,1950 ,1990 ,3610 ,3280 ,2930 ,2500 ,7230 ,3640 ,2280 ,
48,48002,Battle River--Crowfoot,41640,2771281000 ,1540 ,1470 ,2060 ,2640 ,2820 ,2250 ,1890 ,1980 ,1910 ,1830 ,1750 ,1760 ,3300 ,2830 ,2280 ,1910 ,4750 ,2000 ,690 ,
48,48003,Bow River,43920,3095931000 ,2530 ,1600 ,2170 ,2630 ,2470 ,2220 ,1930 ,2070 ,2470 ,2150 ,1870 ,1740 ,3300 ,2780 ,2360 ,1850 ,4620 ,2130 ,1030 ,
48,48004,Calgary Centre,49340,7337680000 ,3020 ,2000 ,2010 ,2990 ,2640 ,2010 ,1830 ,1890 ,1960 ,1690 ,1660 ,1560 ,2740 ,2560 ,2240 ,1870 ,5670 ,4240 ,4770 ,
48,48005,Calgary Confederation,44970,4726684000 ,3210 ,1750 ,1910 ,2430 ,2380 ,2110 ,1920 ,1910 ,1830 ,1760 ,1680 ,1530 ,2760 ,2380 ,2040 ,1760 ,5080 ,3510 ,3030 ,
48,48006,Calgary Forest Lawn,44440,2044088000 ,3350 ,2330 ,2680 ,3740 ,3210 ,2680 ,2580 ,2940 ,2760 ,2630 ,2270 ,2030 ,3280 ,2430 ,1630 ,1170 ,2060 ,500 ,180 ,
48,48007,Calgary Heritage,42950,4283092000 ,2560 ,1640 ,1730 ,2050 ,1990 ,1770 ,1750 ,1970 ,1940 ,1820 ,1790 ,1700 ,3050 ,2600 ,2240 ,1820 ,5040 ,3200 ,2300 ,
48,48008,Calgary Midnapore,46290,4307723000 ,2630 ,1750 ,1820 ,2120 ,2040 ,1910 ,1850 ,1970 ,2040 ,1980 ,1850 ,1880 ,3370 ,2960 ,2480 ,2150 ,6010 ,3460 ,2030 ,
48,48009,Calgary Nose Hill,44220,3331562000 ,3350 ,1990 ,2320 ,2650 ,2220 ,2050 ,1870 ,1930 ,1980 ,1970 ,1660 ,1660 ,3010 ,2630 ,2110 ,1760 ,4910 ,2580 ,1560 ,
48,48010,Calgary Rocky Ridge,46590,4276214000 ,3300 ,1880 ,1900 ,1990 ,1730 ,1620 ,1520 ,1550 ,1650 ,1590 ,1600 ,1610 ,3000 ,2760 ,2630 ,2400 ,7270 ,4260 ,2350 ,
48,48011,Calgary Shepard,53490,4603476000 ,2650 ,1720 ,1830 ,2190 ,2040 ,1870 ,1850 ,2070 ,2250 ,2280 ,2250 ,2270 ,4290 ,3900 ,3380 ,3040 ,7910 ,3920 ,1810 ,
48,48012,Calgary Signal Hill,42990,5281519000 ,2850 ,1770 ,1810 ,2060 ,1880 ,1660 ,1540 ,1510 ,1570 ,1500 ,1390 ,1280 ,2420 ,2080 ,1890 ,1640 ,5510 ,4450 ,4190 ,
48,48013,Calgary Skyview,50460,2429066000 ,4160 ,2570 ,3230 ,3720 ,3140 ,2790 ,2810 ,2960 ,3030 ,2880 ,2530 ,2370 ,3680 ,2940 ,2040 ,1530 ,2940 ,910 ,260 ,
48,48014,Edmonton Centre,44340,3470972000 ,2580 ,1930 ,2130 ,3100 ,2840 ,2390 ,2260 ,2240 ,2220 ,2130 ,1990 ,1710 ,3210 ,2610 ,2110 ,1750 ,4090 ,1780 ,1310 ,
48,48015,Edmonton Griesbach,45580,2308274000 ,2860 ,2290 ,2470 ,4250 ,3660 ,2850 ,2310 ,2350 ,2240 ,2210 ,2010 ,1940 ,3380 ,2730 ,2070 ,1500 ,3380 ,860 ,220 ,
48,48016,Edmonton Manning,44450,2774180000 ,2650 ,1780 ,2050 ,2620 ,2260 ,2010 ,1880 ,1960 ,2070 ,2040 ,2010 ,1840 ,3820 ,3340 ,2740 ,2160 ,5110 ,1760 ,370 ,
48,48017,Edmonton Mill Woods,44950,2639392000 ,3010 ,1800 ,2150 ,2830 ,2330 ,2190 ,2120 ,2320 ,2320 ,2250 ,2130 ,1970 ,3730 ,3080 ,2400 ,1960 ,4680 ,1380 ,320 ,
48,48018,Edmonton Riverbend,45140,4759082000 ,2870 ,1680 ,1790 ,2000 ,1790 ,1590 ,1640 ,1620 ,1660 ,1740 ,1570 ,1630 ,3040 ,2880 ,2380 ,2280 ,6860 ,3780 ,2360 ,
48,48019,Edmonton Strathcona,40560,3149100000 ,2630 ,1630 ,1920 ,2410 ,2240 ,2010 ,1780 ,1870 ,1880 ,1820 ,1720 ,1550 ,2900 ,2580 ,2130 ,1780 ,4720 ,1920 ,1090 ,
48,48020,Edmonton West,44480,3671860000 ,2520 ,1690 ,1880 ,2330 ,2110 ,2030 ,1910 ,1940 ,2050 ,1990 ,2080 ,2040 ,3550 ,3140 ,2460 ,2070 ,5450 ,2140 ,1130 ,
48,48021,Edmonton--Wetaskiwin,55590,4669939000 ,2680 ,1640 ,1780 ,2330 ,2320 ,2090 ,1980 ,2070 ,2110 ,2330 ,2280 ,2290 ,4360 ,4030 ,3660 ,3320 ,9020 ,4020 ,1280 ,
48,48022,Foothills,43380,4681408000 ,2690 ,1570 ,1860 ,2470 ,2410 ,1980 ,1860 ,1910 ,1920 ,1680 ,1590 ,1490 ,2700 ,2460 ,2030 ,1870 ,5210 ,3050 ,2650 ,
48,48023,Fort McMurray--Cold Lake,45440,5069585000 ,2610 ,1140 ,1240 ,1530 ,1200 ,1200 ,1170 ,1100 ,1050 ,1110 ,1120 ,1170 ,2320 ,2490 ,2100 ,2020 ,7690 ,10490 ,2730 ,
48,48024,Grande Prairie--Mackenzie,47130,3955484000 ,2300 ,1360 ,1560 ,2170 ,2090 ,1760 ,1730 ,1650 ,1640 ,1700 ,1760 ,1770 ,3450 ,3320 ,3160 ,2890 ,8470 ,3270 ,1070 ,
48,48025,Lakeland,44090,3193223000 ,3250 ,1480 ,2000 ,2840 ,2700 ,2100 ,1850 ,1800 ,1760 ,1770 ,1570 ,1520 ,2880 ,2680 ,2390 ,1990 ,5690 ,2910 ,930 ,
48,48026,Lethbridge,42800,2658381000 ,2080 ,1720 ,1910 ,2770 ,2840 ,2390 ,2200 ,2270 ,2280 ,2280 ,2140 ,2000 ,3550 ,2920 ,2120 ,1660 ,3770 ,1320 ,600 ,
48,48027,Medicine Hat--Cardston--Warner,41280,2617378000 ,2630 ,1660 ,1990 ,2690 ,2710 ,2400 ,2030 ,1960 ,2150 ,1940 ,1700 ,1690 ,3000 ,2500 ,2010 ,1540 ,4290 ,1710 ,690 ,
48,48028,Peace River--Westlock,40880,2646995000 ,3690 ,1600 ,1860 ,2520 ,2480 ,1880 ,1660 ,1620 ,1630 ,1590 ,1520 ,1460 ,2800 ,2680 ,2320 ,1960 ,5130 ,1930 ,570 ,
48,48029,Red Deer--Mountain View,44150,3583932000 ,1810 ,1490 ,1630 ,2350 ,2370 ,2110 ,2030 ,2060 ,1970 ,1960 ,1900 ,1770 ,3320 ,3060 ,2530 ,2110 ,5840 ,2660 ,1210 ,
48,48030,Red Deer--Lacombe,47390,3485398000 ,3340 ,1600 ,1760 ,2680 ,2500 ,2200 ,2100 ,2180 ,2140 ,2070 ,1990 ,1910 ,3460 ,3150 ,2620 ,2180 ,5880 ,2720 ,930 ,
48,48031,St. Albert--Edmonton,44240,3739130000 ,2100 ,1500 ,1600 ,1970 ,1820 ,1630 ,1600 ,1660 ,1760 ,1800 ,1750 ,1750 ,3470 ,3230 ,2710 ,2540 ,7080 ,3080 ,1200 ,
48,48032,Sherwood Park--Fort Saskatchewan,46070,4859011000 ,1600 ,1200 ,1310 ,1660 ,1680 ,1500 ,1520 ,1500 ,1610 ,1620 ,1620 ,1570 ,3220 ,3130 ,2850 ,2730 ,8640 ,5010 ,2110 ,
48,48033,Sturgeon River--Parkland,46830,4132545000 ,2090 ,1280 ,1490 ,2170 ,2040 ,1750 ,1610 ,1680 ,1840 ,1750 ,1770 ,1720 ,3520 ,3360 ,3030 ,2570 ,7950 ,3820 ,1380 ,
48,48034,Yellowhead,39150,2999837000 ,2100 ,1290 ,1400 ,2120 ,2350 ,1770 ,1610 ,1600 ,1520 ,1520 ,1360 ,1370 ,2740 ,2570 ,2300 ,2120 ,6100 ,2610 ,720 ,
TOTAL,,,1538710,128387297000 ,92030 ,57380 ,64860 ,85000 ,79280 ,68680 ,64050 ,66150 ,67260 ,65330 ,61790 ,59510 ,110210 ,98050 ,82350 ,70380 ,194040 ,101000 ,51360 ,
59,59001,Abbotsford,37880,1913249000 ,2610 ,1750 ,2990 ,3010 ,2630 ,2190 ,1980 ,2140 ,2050 ,1780 ,1730 ,1580 ,2760 ,2220 ,1750 ,1180 ,2490 ,780 ,260 ,
59,59002,Burnaby North--Seymour,39860,2450807000 ,4170 ,2090 ,2950 ,2560 ,2200 ,1850 ,1720 ,1820 ,1700 ,1600 ,1540 ,1420 ,2550 ,2200 ,1840 ,1440 ,3670 ,1740 ,810 ,
59,59003,Burnaby South,44440,2127770000 ,5900 ,2570 ,4100 ,3370 ,2660 ,2360 ,2150 ,2190 ,2090 ,1940 ,1750 ,1560 ,2600 ,2080 ,1690 ,1230 ,2800 ,980 ,420 ,
59,59004,Cariboo--Prince George,42280,2374394000 ,2940 ,1850 ,2800 ,2780 ,2480 ,1950 ,1950 ,1970 ,1840 ,1600 ,1660 ,1560 ,3320 ,3070 ,2670 ,2130 ,4420 ,1020 ,260 ,
59,59005,Central Okanagan--Similkameen--Nicola,44030,2407612000 ,2530 ,1900 ,3060 ,3390 ,3190 ,2680 ,2490 ,2440 ,2360 ,2160 ,1870 ,1770 ,3100 ,2430 ,1960 ,1540 ,3540 ,1160 ,460 ,
59,59006,Chilliwack--Hope,38000,1909523000 ,2230 ,1690 ,2860 ,3010 ,2600 ,2140 ,2070 ,2150 ,2100 ,1900 ,1800 ,1600 ,2840 ,2400 ,1850 ,1380 ,2430 ,750 ,210 ,
59,59007,Cloverdale--Langley City,41550,2366612000 ,2510 ,1610 ,2660 ,2340 ,2210 ,1920 ,1930 ,2110 ,2100 ,2040 ,1890 ,1900 ,3580 ,3050 ,2480 ,1790 ,4000 ,1160 ,270 ,
59,59008,Coquitlam--Port Coquitlam,46220,2528936000 ,4610 ,2370 ,3610 ,2800 ,2450 ,2120 ,2010 ,2100 ,2120 ,2040 ,1850 ,1810 ,3300 ,2770 ,2340 ,1850 ,4120 ,1490 ,480 ,
59,59009,Courtenay--Alberni,46400,2363724000 ,2440 ,1890 ,3460 ,3600 ,3320 ,2890 ,2850 ,2820 ,2760 ,2550 ,2210 ,1910 ,3380 ,2640 ,1920 ,1370 ,3080 ,980 ,330 ,
59,59010,Cowichan--Malahat--Langford,41870,2228305000 ,2520 ,1900 ,2870 ,2800 ,2510 ,2280 ,2250 ,2280 ,2240 ,2150 ,1890 ,1850 ,3310 ,2770 ,2260 ,1570 ,3230 ,930 ,260 ,
59,59011,Delta,39900,2500830000 ,2930 ,1760 ,2760 ,2390 ,2200 ,1840 ,1880 ,1960 ,1890 ,1780 ,1690 ,1680 ,3130 ,2410 ,2050 ,1490 ,3790 ,1570 ,680 ,
59,59012,Fleetwood--Port Kells,44500,2058032000 ,4510 ,2700 ,4240 ,3180 ,2730 ,2460 ,2400 ,2450 ,2240 ,2110 ,1840 ,1730 ,2860 ,2210 ,1660 ,1270 ,2670 ,970 ,290 ,
59,59013,Kamloops--Thompson--Cariboo,49660,2806205000 ,2950 ,2070 ,3430 ,3290 ,3100 ,2640 ,2500 ,2630 ,2360 ,2230 ,2240 ,1940 ,3650 ,3190 ,2570 ,2080 ,4910 ,1510 ,380 ,
59,59014,Kelowna--Lake Country,47020,2886211000 ,2520 ,2090 ,3180 ,3230 ,2990 ,2500 ,2430 ,2470 ,2470 ,2190 ,2110 ,1950 ,3580 ,2910 ,2210 ,1650 ,4020 ,1690 ,860 ,
59,59015,Kootenay--Columbia,44770,2566840000 ,2140 ,1820 ,2900 ,3050 ,2870 ,2470 ,2320 ,2400 ,2290 ,2160 ,1900 ,1800 ,3230 ,2690 ,2110 ,1980 ,4920 ,1380 ,340 ,
59,59016,Langley--Aldergrove,43710,2797268000 ,2520 ,1710 ,2460 ,2540 ,2470 ,2050 ,2020 ,2010 ,2040 ,1970 ,1900 ,1940 ,3500 ,3140 ,2560 ,1930 ,4600 ,1720 ,640 ,
59,59017,Mission--Matsqui--Fraser Canyon,35540,1661351000 ,3250 ,1780 ,3160 ,2820 ,2300 ,1940 ,1900 ,1880 ,1790 ,1590 ,1610 ,1410 ,2490 ,1960 ,1530 ,1150 ,2210 ,640 ,150 ,
59,59018,Nanaimo--Ladysmith,46860,2414839000 ,2860 ,2210 ,3450 ,3520 ,3150 ,2700 ,2670 ,2700 ,2530 ,2350 ,2140 ,1870 ,3390 ,2750 ,2100 ,1630 ,3450 ,1070 ,330 ,
59,59019,New Westminster--Burnaby,43530,2110526000 ,3880 ,2350 ,3850 ,3230 ,2640 ,2300 ,2230 ,2270 ,2320 ,2140 ,1920 ,1700 ,3030 ,2310 ,1870 ,1340 ,2910 ,970 ,280 ,
59,59020,North Okanagan--Shuswap,50330,2642385000 ,2580 ,2080 ,3590 ,4160 ,3720 ,3070 ,2830 ,2910 ,2750 ,2670 ,2290 ,2020 ,3690 ,2970 ,2180 ,1670 ,3480 ,1240 ,450 ,
59,59021,North Vancouver,43630,3185584000 ,3750 ,2120 ,3010 ,2630 ,2320 ,1960 ,1760 ,1900 ,1720 ,1730 ,1560 ,1450 ,2730 ,2450 ,2000 ,1690 ,4730 ,2630 ,1510 ,
59,59022,Pitt Meadows--Maple Ridge,37510,2221508000 ,2050 ,1540 ,2350 ,2240 ,2000 ,1730 ,1760 ,1820 ,1800 ,1690 ,1630 ,1610 ,3100 ,2720 ,2330 ,1700 ,3900 ,1240 ,310 ,
59,59023,Port Moody--Coquitlam,42420,2573340000 ,3950 ,2090 ,2890 ,2470 ,2280 ,1950 ,1820 ,1910 ,1930 ,1960 ,1760 ,1630 ,3000 ,2480 ,2080 ,1640 ,4230 ,1680 ,680 ,
59,59024,Prince George--Peace River--Northern Rockies,43280,3088063000 ,2230 ,1430 ,2140 ,2190 ,2170 ,1690 ,1740 ,1800 ,1730 ,1700 ,1550 ,1590 ,3310 ,3190 ,3030 ,2480 ,6170 ,2540 ,610 ,
59,59025,Richmond Centre,38830,1753575000 ,5930 ,2590 ,3970 ,3090 ,2540 ,2010 ,1870 ,1780 ,1650 ,1510 ,1290 ,1150 ,2120 ,1570 ,1260 ,920 ,2180 ,990 ,420 ,
59,59026,Esquimalt--Saanich--Sooke,41760,2272216000 ,2340 ,1670 ,2910 ,2510 ,2410 ,2160 ,2170 ,2250 ,2250 ,2200 ,1990 ,1980 ,3520 ,3160 ,2350 ,1740 ,2990 ,890 ,280 ,
59,59027,Saanich--Gulf Islands,41240,2587964000 ,2530 ,1810 ,2620 ,2450 ,2420 ,2030 ,1990 ,2060 ,2040 ,1940 ,1880 ,1780 ,3120 ,2710 ,2180 ,1620 ,3810 ,1540 ,720 ,
59,59028,Skeena--Bulkley Valley,34230,1809125000 ,3920 ,1650 ,2140 ,2350 ,1960 ,1670 ,1570 ,1460 ,1410 ,1340 ,1280 ,1150 ,2390 ,2070 ,1690 ,1580 ,3410 ,960 ,210 ,
59,59029,South Okanagan--West Kootenay,48980,2469725000 ,2570 ,2280 ,3780 ,4420 ,3960 ,2990 ,2760 ,2810 ,2650 ,2400 ,2110 ,1940 ,3260 ,2530 ,2030 ,1610 ,3420 ,1100 ,370 ,
59,59030,South Surrey--White Rock,38480,2922860000 ,2780 ,1530 ,2340 ,2150 ,2050 ,1720 ,1640 ,1730 ,1750 ,1630 ,1470 ,1420 ,2580 ,2370 ,1950 ,1580 ,4230 ,2290 ,1290 ,
59,59031,Steveston--Richmond East,40040,1854057000 ,5370 ,2480 ,3950 ,3080 ,2490 ,2090 ,2070 ,1970 ,1810 ,1650 ,1460 ,1360 ,2350 ,1850 ,1490 ,1090 ,2230 ,880 ,370 ,
59,59032,Surrey Centre,46310,1662739000 ,5270 ,3280 ,5330 ,4090 ,3160 ,2870 ,2770 ,2840 ,2520 ,2330 ,1950 ,1660 ,2770 ,1840 ,1190 ,780 ,1310 ,300 ,50 ,
59,59033,Surrey--Newton,42240,1655035000 ,4250 ,2520 ,4580 ,3600 ,3060 ,2680 ,2670 ,2520 ,2350 ,2050 ,1840 ,1640 ,2590 ,1790 ,1220 ,850 ,1520 ,410 ,120 ,
59,59034,Vancouver Centre,54230,4478026000 ,4590 ,2560 ,4580 ,4030 ,2770 ,2280 ,2110 ,2200 ,2180 ,2110 ,1910 ,1900 ,3240 ,2910 ,2430 ,2000 ,5470 ,2760 ,2200 ,
59,59035,Vancouver East,45280,2114564000 ,3270 ,3070 ,5990 ,5070 ,3090 ,2410 ,2180 ,2040 ,1940 ,1820 ,1560 ,1440 ,2510 ,1880 ,1530 ,1230 ,2750 ,1090 ,410 ,
59,59036,Vancouver Granville,39200,3094380000 ,4090 ,1930 ,2850 ,2520 ,2010 ,1740 ,1600 ,1580 ,1620 ,1500 ,1420 ,1260 ,2310 ,2030 ,1740 ,1370 ,3700 ,2350 ,1590 ,
59,59037,North Island--Powell River,41590,2191023000 ,2290 ,1800 ,2910 ,3060 ,2650 ,2330 ,2420 ,2370 ,2240 ,2070 ,1900 ,1660 ,3130 ,2570 ,2020 ,1580 ,3250 ,1080 ,250 ,
59,59038,Vancouver Kingsway,40210,1701800000 ,3980 ,2410 ,4420 ,3670 ,2890 ,2500 ,2350 ,2170 ,1990 ,1880 ,1510 ,1440 ,2280 ,1650 ,1250 ,950 ,1940 ,720 ,220 ,
59,59039,Vancouver Quadra,36940,3447929000 ,4980 ,2070 ,2270 ,1980 ,1680 ,1390 ,1290 ,1270 ,1320 ,1180 ,1110 ,1110 ,1880 ,1770 ,1440 ,1290 ,3930 ,2710 ,2280 ,
59,59040,Vancouver South,38910,1593728000 ,4340 ,2400 ,4350 ,3680 ,2840 ,2460 ,2140 ,2150 ,1810 ,1660 ,1440 ,1260 ,2090 ,1500 ,1270 ,820 ,1860 ,650 ,210 ,
59,59041,Victoria,48090,2965808000 ,3170 ,2270 ,3900 ,3470 ,2920 ,2570 ,2460 ,2570 ,2410 ,2300 ,2090 ,1830 ,3250 ,2830 ,2200 ,1640 ,3570 ,1710 ,960 ,
59,59042,West Vancouver--Sunshine Coast--Sea to Sky Country,47330,3995948000 ,4400 ,2200 ,3100 ,3130 ,2820 ,2360 ,2230 ,2120 ,2090 ,1990 ,1820 ,1660 ,2990 ,2370 ,1900 ,1550 ,4080 ,2430 ,2080 ,
TOTAL,,,1799030,102754417000 ,144660 ,87870 ,140720 ,128940 ,110910 ,93950 ,89960 ,90980 ,87220 ,81580 ,74350 ,68890 ,123800 ,102360 ,82150 ,63360 ,145390 ,56660 ,25290 ,
60,60001,Yukon,13870,814410000 ,670 ,620 ,750 ,1010 ,910 ,700 ,650 ,640 ,610 ,610 ,520 ,550 ,1090 ,970 ,900 ,690 ,1440 ,450 ,120 ,
TOTAL,,,13870,814410000 ,670 ,620 ,750 ,1010 ,910 ,700 ,650 ,640 ,610 ,610 ,520 ,550 ,1090 ,970 ,900 ,690 ,1440 ,450 ,120 ,
61,61001,Northwest Territories,16300,1123148000 ,1620 ,1100 ,990 ,970 ,830 ,650 ,490 ,530 ,490 ,490 ,480 ,430 ,780 ,730 ,690 ,690 ,3120 ,1020 ,220 ,
TOTAL,,,16300,1123148000 ,1620 ,1100 ,990 ,970 ,830 ,650 ,490 ,530 ,490 ,490 ,480 ,430 ,780 ,730 ,690 ,690 ,3120 ,1020 ,220 ,
62,62001,Nunavut,10550,548501000 ,1440 ,1300 ,790 ,710 ,600 ,520 ,410 ,390 ,290 ,250 ,210 ,200 ,370 ,360 ,440 ,350 ,1350 ,510 ,80 ,
TOTAL,,,10550,548501000 ,1440 ,1300 ,790 ,710 ,600 ,520 ,410 ,390 ,290 ,250 ,210 ,200 ,370 ,360 ,440 ,350 ,1350 ,510 ,80 ,
TOTAL,,,13432360,784155244000 ,996010 ,727090 ,951920 ,983700 ,828010 ,712370 ,703520 ,718640 ,699560 ,643870 ,581180 ,528320 ,909360 ,739280 ,575200 ,452040 ,1044470 ,424040 ,213790 ,
